<?xml version="1.0" encoding="UTF-8" standalone="no"?>
<process version="5.3.014">
  <context>
    <input>
      <location>input</location>
    </input>
    <output/>
    <macros>
      <macro>
        <key>label</key>
        <value>Sentiment</value>
      </macro>
      <macro>
        <key>label_positive_class</key>
        <value>positive</value>
      </macro>
      <macro>
        <key>label_negative_class</key>
        <value>negative</value>
      </macro>
    </macros>
  </context>
  <operator activated="true" class="process" compatibility="5.3.014" expanded="true" name="Process">
    <parameter key="logverbosity" value="init"/>
    <parameter key="random_seed" value="2001"/>
    <parameter key="send_mail" value="never"/>
    <parameter key="notification_email" value=""/>
    <parameter key="process_duration_for_mail" value="30"/>
    <parameter key="encoding" value="SYSTEM"/>
    <process expanded="true">
      <operator activated="true" class="nominal_to_text" compatibility="5.3.014" expanded="true" height="76" name="Nominal to Text" width="90" x="45" y="30">
        <parameter key="attribute_filter_type" value="all"/>
        <parameter key="attribute" value=""/>
        <parameter key="attributes" value=""/>
        <parameter key="use_except_expression" value="false"/>
        <parameter key="value_type" value="nominal"/>
        <parameter key="use_value_type_exception" value="false"/>
        <parameter key="except_value_type" value="file_path"/>
        <parameter key="block_type" value="single_value"/>
        <parameter key="use_block_type_exception" value="false"/>
        <parameter key="except_block_type" value="single_value"/>
        <parameter key="invert_selection" value="false"/>
        <parameter key="include_special_attributes" value="false"/>
      </operator>
      <operator activated="true" class="multiply" compatibility="5.3.014" expanded="true" height="94" name="Multiply (2)" width="90" x="179" y="30"/>
      <operator activated="true" class="filter_examples" compatibility="5.3.014" expanded="true" height="76" name="Apply Data" width="90" x="45" y="300">
        <parameter key="parameter_expression" value=""/>
        <parameter key="condition_class" value="missing_labels"/>
        <parameter key="invert_filter" value="false"/>
        <list key="filters_list"/>
        <parameter key="filters_logic_and" value="true"/>
      </operator>
      <operator activated="true" class="filter_examples" compatibility="5.3.014" expanded="true" height="76" name="Training Data" width="90" x="313" y="30">
        <parameter key="parameter_expression" value=""/>
        <parameter key="condition_class" value="no_missing_labels"/>
        <parameter key="invert_filter" value="false"/>
        <list key="filters_list"/>
        <parameter key="filters_logic_and" value="true"/>
      </operator>
      <operator activated="true" class="text:process_document_from_data" compatibility="5.3.002" expanded="true" height="76" name="Process Training Documents" width="90" x="447" y="30">
        <parameter key="create_word_vector" value="true"/>
        <parameter key="vector_creation" value="TF-IDF"/>
        <parameter key="add_meta_information" value="true"/>
        <parameter key="keep_text" value="true"/>
        <parameter key="prune_method" value="none"/>
        <parameter key="prune_below_percent" value="3.0"/>
        <parameter key="prune_above_percent" value="30.0"/>
        <parameter key="prune_below_rank" value="0.05"/>
        <parameter key="prune_above_rank" value="0.95"/>
        <parameter key="datamanagement" value="double_sparse_array"/>
        <parameter key="select_attributes_and_weights" value="false"/>
        <list key="specify_weights"/>
        <process expanded="true">
          <operator activated="true" class="text:tokenize" compatibility="5.3.002" expanded="true" height="60" name="Tokenize" width="90" x="44" y="30">
            <parameter key="mode" value="non letters"/>
            <parameter key="characters" value=".:"/>
            <parameter key="language" value="English"/>
            <parameter key="max_token_length" value="3"/>
          </operator>
          <operator activated="true" class="text:transform_cases" compatibility="5.3.002" expanded="true" height="60" name="Transform Cases" width="90" x="178" y="30">
            <parameter key="transform_to" value="lower case"/>
          </operator>
          <operator activated="true" class="text:filter_stopwords_english" compatibility="5.3.002" expanded="true" height="60" name="Filter Stopwords (English)" width="90" x="313" y="30"/>
          <connect from_port="document" to_op="Tokenize" to_port="document"/>
          <connect from_op="Tokenize" from_port="document" to_op="Transform Cases" to_port="document"/>
          <connect from_op="Transform Cases" from_port="document" to_op="Filter Stopwords (English)" to_port="document"/>
          <connect from_op="Filter Stopwords (English)" from_port="document" to_port="document 1"/>
          <portSpacing port="source_document" spacing="0"/>
          <portSpacing port="sink_document 1" spacing="0"/>
          <portSpacing port="sink_document 2" spacing="0"/>
        </process>
      </operator>
      <operator activated="true" class="multiply" compatibility="5.3.014" expanded="true" height="94" name="Multiply (3)" width="90" x="581" y="30"/>
      <operator activated="true" class="subprocess" compatibility="5.3.014" expanded="true" height="76" name="Model and Evaluate" width="90" x="715" y="165">
        <process expanded="true">
          <operator activated="true" class="x_validation" compatibility="5.3.014" expanded="true" height="112" name="Validation" width="90" x="179" y="30">
            <parameter key="create_complete_model" value="false"/>
            <parameter key="average_performances_only" value="true"/>
            <parameter key="leave_one_out" value="false"/>
            <parameter key="number_of_validations" value="2"/>
            <parameter key="sampling_type" value="stratified sampling"/>
            <parameter key="use_local_random_seed" value="false"/>
            <parameter key="local_random_seed" value="1992"/>
            <process expanded="true">
              <operator activated="true" class="support_vector_machine_libsvm" compatibility="5.3.014" expanded="true" name="SVM">
                <parameter key="svm_type" value="C-SVC"/>
                <parameter key="kernel_type" value="linear"/>
                <parameter key="degree" value="3"/>
                <parameter key="gamma" value="0.0"/>
                <parameter key="coef0" value="0.0"/>
                <parameter key="C" value="100.0"/>
                <parameter key="nu" value="0.5"/>
                <parameter key="cache_size" value="80"/>
                <parameter key="epsilon" value="0.0010"/>
                <parameter key="p" value="0.1"/>
                <list key="class_weights"/>
                <parameter key="shrinking" value="true"/>
                <parameter key="calculate_confidences" value="false"/>
                <parameter key="confidence_for_multiclass" value="true"/>
              </operator>
              <connect from_port="training" to_op="SVM" to_port="training set"/>
              <connect from_op="SVM" from_port="model" to_port="model"/>
              <portSpacing port="source_training" spacing="0"/>
              <portSpacing port="sink_model" spacing="0"/>
              <portSpacing port="sink_through 1" spacing="0"/>
            </process>
            <process expanded="true">
              <operator activated="true" class="apply_model" compatibility="5.3.014" expanded="true" name="Apply Model">
                <list key="application_parameters"/>
                <parameter key="create_view" value="false"/>
              </operator>
              <operator activated="true" class="performance_binominal_classification" compatibility="5.3.014" expanded="true" name="Performance (2)">
                <parameter key="main_criterion" value="first"/>
                <parameter key="accuracy" value="true"/>
                <parameter key="classification_error" value="false"/>
                <parameter key="kappa" value="false"/>
                <parameter key="AUC (optimistic)" value="false"/>
                <parameter key="AUC" value="false"/>
                <parameter key="AUC (pessimistic)" value="false"/>
                <parameter key="precision" value="false"/>
                <parameter key="recall" value="false"/>
                <parameter key="lift" value="false"/>
                <parameter key="fallout" value="false"/>
                <parameter key="f_measure" value="false"/>
                <parameter key="false_positive" value="false"/>
                <parameter key="false_negative" value="false"/>
                <parameter key="true_positive" value="false"/>
                <parameter key="true_negative" value="false"/>
                <parameter key="sensitivity" value="false"/>
                <parameter key="specificity" value="false"/>
                <parameter key="youden" value="false"/>
                <parameter key="positive_predictive_value" value="false"/>
                <parameter key="negative_predictive_value" value="false"/>
                <parameter key="psep" value="false"/>
                <parameter key="skip_undefined_labels" value="true"/>
                <parameter key="use_example_weights" value="true"/>
              </operator>
              <connect from_port="model" to_op="Apply Model" to_port="model"/>
              <connect from_port="test set" to_op="Apply Model" to_port="unlabelled data"/>
              <connect from_op="Apply Model" from_port="labelled data" to_op="Performance (2)" to_port="labelled data"/>
              <connect from_op="Performance (2)" from_port="performance" to_port="averagable 1"/>
              <portSpacing port="source_model" spacing="0"/>
              <portSpacing port="source_test set" spacing="0"/>
              <portSpacing port="source_through 1" spacing="0"/>
              <portSpacing port="sink_averagable 1" spacing="0"/>
              <portSpacing port="sink_averagable 2" spacing="0"/>
            </process>
          </operator>
          <operator activated="true" class="performance_to_data" compatibility="5.3.014" expanded="true" height="76" name="Performance to Data" width="90" x="313" y="75"/>
          <operator activated="true" class="extract_macro" compatibility="5.3.014" expanded="true" height="60" name="Extract Macro" width="90" x="447" y="75">
            <parameter key="macro" value="Accuracy"/>
            <parameter key="macro_type" value="data_value"/>
            <parameter key="statistics" value="average"/>
            <parameter key="attribute_name" value="Value"/>
            <parameter key="example_index" value="1"/>
            <list key="additional_macros"/>
          </operator>
          <operator activated="true" class="generate_macro" compatibility="5.3.014" expanded="true" height="76" name="Generate Macro" width="90" x="581" y="75">
            <list key="function_descriptions">
              <parameter key="Accuracy" value="round(%{Accuracy}*100)"/>
            </list>
            <parameter key="use_standard_constants" value="true"/>
          </operator>
          <connect from_port="in 1" to_op="Validation" to_port="training"/>
          <connect from_op="Validation" from_port="model" to_port="out 1"/>
          <connect from_op="Validation" from_port="averagable 1" to_op="Performance to Data" to_port="performance vector"/>
          <connect from_op="Performance to Data" from_port="example set" to_op="Extract Macro" to_port="example set"/>
          <connect from_op="Extract Macro" from_port="example set" to_op="Generate Macro" to_port="through 1"/>
          <portSpacing port="source_in 1" spacing="0"/>
          <portSpacing port="source_in 2" spacing="0"/>
          <portSpacing port="sink_out 1" spacing="0"/>
          <portSpacing port="sink_out 2" spacing="0"/>
        </process>
      </operator>
      <operator activated="true" class="select_attributes" compatibility="5.3.014" expanded="true" height="76" name="Select Attributes (2)" width="90" x="179" y="300">
        <parameter key="attribute_filter_type" value="single"/>
        <parameter key="attribute" value="Sentiment"/>
        <parameter key="attributes" value=""/>
        <parameter key="use_except_expression" value="false"/>
        <parameter key="value_type" value="attribute_value"/>
        <parameter key="use_value_type_exception" value="false"/>
        <parameter key="except_value_type" value="time"/>
        <parameter key="block_type" value="attribute_block"/>
        <parameter key="use_block_type_exception" value="false"/>
        <parameter key="except_block_type" value="value_matrix_row_start"/>
        <parameter key="invert_selection" value="true"/>
        <parameter key="include_special_attributes" value="true"/>
      </operator>
      <operator activated="true" class="generate_id" compatibility="5.3.014" expanded="true" height="76" name="Generate ID" width="90" x="313" y="300">
        <parameter key="create_nominal_ids" value="false"/>
        <parameter key="offset" value="0"/>
      </operator>
      <operator activated="true" class="multiply" compatibility="5.3.014" expanded="true" height="94" name="Multiply (4)" width="90" x="447" y="345"/>
      <operator activated="true" class="text:process_document_from_data" compatibility="5.3.002" expanded="true" height="76" name="Process Apply Documents" width="90" x="581" y="300">
        <parameter key="create_word_vector" value="true"/>
        <parameter key="vector_creation" value="TF-IDF"/>
        <parameter key="add_meta_information" value="true"/>
        <parameter key="keep_text" value="false"/>
        <parameter key="prune_method" value="none"/>
        <parameter key="prune_below_percent" value="3.0"/>
        <parameter key="prune_above_percent" value="30.0"/>
        <parameter key="prune_below_rank" value="0.05"/>
        <parameter key="prune_above_rank" value="0.95"/>
        <parameter key="datamanagement" value="double_sparse_array"/>
        <parameter key="select_attributes_and_weights" value="false"/>
        <list key="specify_weights"/>
        <process expanded="true">
          <operator activated="true" class="text:tokenize" compatibility="5.3.002" expanded="true" height="60" name="Tokenize (2)" width="90" x="45" y="30">
            <parameter key="mode" value="non letters"/>
            <parameter key="characters" value=".:"/>
            <parameter key="language" value="English"/>
            <parameter key="max_token_length" value="3"/>
          </operator>
          <operator activated="true" class="text:transform_cases" compatibility="5.3.002" expanded="true" height="60" name="Transform Cases (2)" width="90" x="180" y="30">
            <parameter key="transform_to" value="lower case"/>
          </operator>
          <operator activated="true" class="text:filter_stopwords_english" compatibility="5.3.002" expanded="true" height="60" name="Filter Stopwords (2)" width="90" x="313" y="30"/>
          <connect from_port="document" to_op="Tokenize (2)" to_port="document"/>
          <connect from_op="Tokenize (2)" from_port="document" to_op="Transform Cases (2)" to_port="document"/>
          <connect from_op="Transform Cases (2)" from_port="document" to_op="Filter Stopwords (2)" to_port="document"/>
          <connect from_op="Filter Stopwords (2)" from_port="document" to_port="document 1"/>
          <portSpacing port="source_document" spacing="0"/>
          <portSpacing port="sink_document 1" spacing="0"/>
          <portSpacing port="sink_document 2" spacing="0"/>
        </process>
      </operator>
      <operator activated="true" class="apply_model" compatibility="5.3.014" expanded="true" height="76" name="Apply Model (2)" width="90" x="715" y="300">
        <list key="application_parameters"/>
        <parameter key="create_view" value="false"/>
      </operator>
      <operator activated="true" class="select_attributes" compatibility="5.3.014" expanded="true" height="76" name="Drop words" width="90" x="849" y="300">
        <parameter key="attribute_filter_type" value="all"/>
        <parameter key="attribute" value=""/>
        <parameter key="attributes" value=""/>
        <parameter key="use_except_expression" value="false"/>
        <parameter key="value_type" value="attribute_value"/>
        <parameter key="use_value_type_exception" value="false"/>
        <parameter key="except_value_type" value="time"/>
        <parameter key="block_type" value="attribute_block"/>
        <parameter key="use_block_type_exception" value="false"/>
        <parameter key="except_block_type" value="value_matrix_row_start"/>
        <parameter key="invert_selection" value="true"/>
        <parameter key="include_special_attributes" value="false"/>
      </operator>
      <operator activated="true" class="join" compatibility="5.3.014" expanded="true" height="76" name="Join" width="90" x="983" y="345">
        <parameter key="remove_double_attributes" value="true"/>
        <parameter key="join_type" value="inner"/>
        <parameter key="use_id_attribute_as_key" value="true"/>
        <list key="key_attributes"/>
        <parameter key="keep_both_join_attributes" value="false"/>
      </operator>
      <operator activated="true" class="subprocess" compatibility="5.3.014" expanded="true" height="76" name="Best and Worst" width="90" x="1117" y="300">
        <process expanded="true">
          <operator activated="true" class="rename" compatibility="5.3.014" expanded="true" height="76" name="Nicer names" width="90" x="45" y="30">
            <parameter key="old_name" value="confidence(%{label_positive_class})"/>
            <parameter key="new_name" value="Score"/>
            <list key="rename_additional_attributes">
              <parameter key="prediction(%{label})" value="Sentiment"/>
            </list>
          </operator>
          <operator activated="true" class="select_attributes" compatibility="5.3.014" expanded="true" height="76" name="Drop ID" width="90" x="179" y="30">
            <parameter key="attribute_filter_type" value="single"/>
            <parameter key="attribute" value="id"/>
            <parameter key="attributes" value="Score|Sentiment|Text|id"/>
            <parameter key="use_except_expression" value="false"/>
            <parameter key="value_type" value="attribute_value"/>
            <parameter key="use_value_type_exception" value="false"/>
            <parameter key="except_value_type" value="time"/>
            <parameter key="block_type" value="attribute_block"/>
            <parameter key="use_block_type_exception" value="false"/>
            <parameter key="except_block_type" value="value_matrix_row_start"/>
            <parameter key="invert_selection" value="true"/>
            <parameter key="include_special_attributes" value="true"/>
          </operator>
          <operator activated="true" class="select_attributes" compatibility="5.3.014" expanded="true" height="76" name="Drop confidences" width="90" x="313" y="30">
            <parameter key="attribute_filter_type" value="regular_expression"/>
            <parameter key="attribute" value=""/>
            <parameter key="attributes" value=""/>
            <parameter key="regular_expression" value="confidence\(.*\)"/>
            <parameter key="use_except_expression" value="false"/>
            <parameter key="value_type" value="attribute_value"/>
            <parameter key="use_value_type_exception" value="false"/>
            <parameter key="except_value_type" value="time"/>
            <parameter key="block_type" value="attribute_block"/>
            <parameter key="use_block_type_exception" value="false"/>
            <parameter key="except_block_type" value="value_matrix_row_start"/>
            <parameter key="invert_selection" value="true"/>
            <parameter key="include_special_attributes" value="true"/>
          </operator>
          <operator activated="true" class="sort" compatibility="5.3.014" expanded="true" height="76" name="Sort by Score" width="90" x="447" y="30">
            <parameter key="attribute_name" value="Score"/>
            <parameter key="sorting_direction" value="decreasing"/>
          </operator>
          <operator activated="true" class="loop_attributes" compatibility="5.3.014" expanded="true" height="76" name="Loop Attributes" width="90" x="581" y="30">
            <parameter key="attribute_filter_type" value="value_type"/>
            <parameter key="attribute" value=""/>
            <parameter key="attributes" value=""/>
            <parameter key="use_except_expression" value="false"/>
            <parameter key="value_type" value="nominal"/>
            <parameter key="use_value_type_exception" value="false"/>
            <parameter key="except_value_type" value="time"/>
            <parameter key="block_type" value="attribute_block"/>
            <parameter key="use_block_type_exception" value="false"/>
            <parameter key="except_block_type" value="value_matrix_row_start"/>
            <parameter key="invert_selection" value="false"/>
            <parameter key="include_special_attributes" value="false"/>
            <parameter key="iteration_macro" value="att"/>
            <process expanded="true">
              <operator activated="true" class="set_macro" compatibility="5.3.014" expanded="true" height="60" name="Set Macro" width="90" x="45" y="30">
                <parameter key="macro" value="text_attribute"/>
                <parameter key="value" value="%{att}"/>
              </operator>
              <portSpacing port="source_example set" spacing="0"/>
              <portSpacing port="sink_example set" spacing="0"/>
              <portSpacing port="sink_result 1" spacing="0"/>
            </process>
          </operator>
          <operator activated="true" class="extract_macro" compatibility="5.3.014" expanded="true" height="60" name="Top text" width="90" x="715" y="30">
            <parameter key="macro" value="top_text"/>
            <parameter key="macro_type" value="data_value"/>
            <parameter key="statistics" value="average"/>
            <parameter key="attribute_name" value="%{text_attribute}"/>
            <parameter key="example_index" value="1"/>
            <list key="additional_macros"/>
          </operator>
          <operator activated="true" class="extract_macro" compatibility="5.3.014" expanded="true" height="60" name="Bottom text" width="90" x="849" y="30">
            <parameter key="macro" value="bottom_text"/>
            <parameter key="macro_type" value="data_value"/>
            <parameter key="statistics" value="average"/>
            <parameter key="attribute_name" value="%{text_attribute}"/>
            <parameter key="example_index" value="-1"/>
            <list key="additional_macros"/>
          </operator>
          <operator activated="true" class="generate_attributes" compatibility="5.3.014" expanded="true" height="76" name="Score in %" width="90" x="983" y="30">
            <list key="function_descriptions">
              <parameter key="Score" value="round(Score*100)"/>
            </list>
            <parameter key="use_standard_constants" value="true"/>
            <parameter key="keep_all" value="true"/>
          </operator>
          <connect from_port="in 1" to_op="Nicer names" to_port="example set input"/>
          <connect from_op="Nicer names" from_port="example set output" to_op="Drop ID" to_port="example set input"/>
          <connect from_op="Drop ID" from_port="example set output" to_op="Drop confidences" to_port="example set input"/>
          <connect from_op="Drop confidences" from_port="example set output" to_op="Sort by Score" to_port="example set input"/>
          <connect from_op="Sort by Score" from_port="example set output" to_op="Loop Attributes" to_port="example set"/>
          <connect from_op="Loop Attributes" from_port="example set" to_op="Top text" to_port="example set"/>
          <connect from_op="Top text" from_port="example set" to_op="Bottom text" to_port="example set"/>
          <connect from_op="Bottom text" from_port="example set" to_op="Score in %" to_port="example set input"/>
          <connect from_op="Score in %" from_port="example set output" to_port="out 1"/>
          <portSpacing port="source_in 1" spacing="0"/>
          <portSpacing port="source_in 2" spacing="0"/>
          <portSpacing port="sink_out 1" spacing="0"/>
          <portSpacing port="sink_out 2" spacing="0"/>
        </process>
      </operator>
      <operator activated="true" class="set_role" compatibility="5.3.014" expanded="true" height="76" name="Set Role (2)" width="90" x="1251" y="300">
        <parameter key="attribute_name" value="Text"/>
        <parameter key="target_role" value="regular"/>
        <list key="set_additional_roles"/>
      </operator>
      <operator activated="true" class="guess_types" compatibility="5.3.014" expanded="true" height="76" name="Guess Types" width="90" x="1385" y="300">
        <parameter key="attribute_filter_type" value="all"/>
        <parameter key="attribute" value=""/>
        <parameter key="attributes" value=""/>
        <parameter key="use_except_expression" value="false"/>
        <parameter key="value_type" value="attribute_value"/>
        <parameter key="use_value_type_exception" value="false"/>
        <parameter key="except_value_type" value="time"/>
        <parameter key="block_type" value="attribute_block"/>
        <parameter key="use_block_type_exception" value="false"/>
        <parameter key="except_block_type" value="value_matrix_row_start"/>
        <parameter key="invert_selection" value="false"/>
        <parameter key="include_special_attributes" value="true"/>
        <parameter key="decimal_point_character" value="."/>
      </operator>
      <operator activated="true" class="subprocess" compatibility="5.3.014" expanded="true" height="94" name="Weights" width="90" x="715" y="30">
        <process expanded="true">
          <operator activated="true" class="remap_binominals" compatibility="5.3.014" expanded="true" height="76" name="Remap Binominals (2)" width="90" x="45" y="30">
            <parameter key="attribute_filter_type" value="single"/>
            <parameter key="attribute" value="%{label}"/>
            <parameter key="attributes" value=""/>
            <parameter key="use_except_expression" value="false"/>
            <parameter key="value_type" value="binominal"/>
            <parameter key="use_value_type_exception" value="false"/>
            <parameter key="except_value_type" value="binominal"/>
            <parameter key="block_type" value="value_matrix_start"/>
            <parameter key="use_block_type_exception" value="false"/>
            <parameter key="except_block_type" value="value_matrix_start"/>
            <parameter key="invert_selection" value="false"/>
            <parameter key="include_special_attributes" value="true"/>
            <parameter key="negative_value" value="%{label_negative_class}"/>
            <parameter key="positive_value" value="%{label_positive_class}"/>
          </operator>
          <operator activated="true" class="weight_by_svm" compatibility="5.3.014" expanded="true" height="76" name="Weight by SVM" width="90" x="179" y="30">
            <parameter key="normalize_weights" value="false"/>
            <parameter key="sort_weights" value="true"/>
            <parameter key="sort_direction" value="ascending"/>
            <parameter key="C" value="0.0"/>
          </operator>
          <operator activated="true" class="weights_to_data" compatibility="5.3.014" expanded="true" height="60" name="Weights to Data" width="90" x="313" y="30"/>
          <operator activated="true" class="rename" compatibility="5.3.014" expanded="true" height="76" name="Rename" width="90" x="447" y="30">
            <parameter key="old_name" value="Attribute"/>
            <parameter key="new_name" value="Word"/>
            <list key="rename_additional_attributes"/>
          </operator>
          <operator activated="true" class="multiply" compatibility="5.3.014" expanded="true" height="94" name="Multiply" width="90" x="581" y="30"/>
          <operator activated="true" class="sort" compatibility="5.3.014" expanded="true" height="76" name="Sort" width="90" x="715" y="165">
            <parameter key="attribute_name" value="Weight"/>
            <parameter key="sorting_direction" value="decreasing"/>
          </operator>
          <operator activated="true" class="filter_example_range" compatibility="5.3.014" expanded="true" height="76" name="Top words" width="90" x="848" y="165">
            <parameter key="first_example" value="1"/>
            <parameter key="last_example" value="20"/>
            <parameter key="invert_filter" value="false"/>
          </operator>
          <operator activated="true" class="normalize" compatibility="5.3.014" expanded="true" height="94" name="Normalize (2)" width="90" x="983" y="165">
            <parameter key="return_preprocessing_model" value="false"/>
            <parameter key="create_view" value="false"/>
            <parameter key="attribute_filter_type" value="all"/>
            <parameter key="attribute" value=""/>
            <parameter key="attributes" value=""/>
            <parameter key="use_except_expression" value="false"/>
            <parameter key="value_type" value="numeric"/>
            <parameter key="use_value_type_exception" value="false"/>
            <parameter key="except_value_type" value="real"/>
            <parameter key="block_type" value="value_series"/>
            <parameter key="use_block_type_exception" value="false"/>
            <parameter key="except_block_type" value="value_series_end"/>
            <parameter key="invert_selection" value="false"/>
            <parameter key="include_special_attributes" value="false"/>
            <parameter key="method" value="range transformation"/>
            <parameter key="min" value="0.0"/>
            <parameter key="max" value="1.0"/>
          </operator>
          <operator activated="true" class="sort" compatibility="5.3.014" expanded="true" height="76" name="Sort (3)" width="90" x="715" y="30">
            <parameter key="attribute_name" value="Weight"/>
            <parameter key="sorting_direction" value="increasing"/>
          </operator>
          <operator activated="true" class="filter_example_range" compatibility="5.3.014" expanded="true" height="76" name="Bottom words" width="90" x="849" y="30">
            <parameter key="first_example" value="1"/>
            <parameter key="last_example" value="20"/>
            <parameter key="invert_filter" value="false"/>
          </operator>
          <operator activated="true" class="normalize" compatibility="5.3.014" expanded="true" height="94" name="Normalize" width="90" x="983" y="30">
            <parameter key="return_preprocessing_model" value="false"/>
            <parameter key="create_view" value="false"/>
            <parameter key="attribute_filter_type" value="all"/>
            <parameter key="attribute" value=""/>
            <parameter key="attributes" value=""/>
            <parameter key="use_except_expression" value="false"/>
            <parameter key="value_type" value="numeric"/>
            <parameter key="use_value_type_exception" value="false"/>
            <parameter key="except_value_type" value="real"/>
            <parameter key="block_type" value="value_series"/>
            <parameter key="use_block_type_exception" value="false"/>
            <parameter key="except_block_type" value="value_series_end"/>
            <parameter key="invert_selection" value="false"/>
            <parameter key="include_special_attributes" value="false"/>
            <parameter key="method" value="range transformation"/>
            <parameter key="min" value="0.0"/>
            <parameter key="max" value="1.0"/>
          </operator>
          <operator activated="true" class="generate_attributes" compatibility="5.3.014" expanded="true" height="76" name="Generate Attributes" width="90" x="1117" y="30">
            <list key="function_descriptions">
              <parameter key="Weight" value="1-Weight"/>
            </list>
            <parameter key="use_standard_constants" value="true"/>
            <parameter key="keep_all" value="true"/>
          </operator>
          <operator activated="false" class="remap_binominals" compatibility="5.3.014" expanded="true" height="76" name="Remap Binominals (3)" width="90" x="45" y="255">
            <parameter key="attribute_filter_type" value="single"/>
            <parameter key="attribute" value="%{label}"/>
            <parameter key="attributes" value=""/>
            <parameter key="use_except_expression" value="false"/>
            <parameter key="value_type" value="binominal"/>
            <parameter key="use_value_type_exception" value="false"/>
            <parameter key="except_value_type" value="binominal"/>
            <parameter key="block_type" value="value_matrix_start"/>
            <parameter key="use_block_type_exception" value="false"/>
            <parameter key="except_block_type" value="value_matrix_start"/>
            <parameter key="invert_selection" value="false"/>
            <parameter key="include_special_attributes" value="true"/>
            <parameter key="negative_value" value="%{label_negative_class}"/>
            <parameter key="positive_value" value="%{label_positive_class}"/>
          </operator>
          <connect from_port="in 1" to_op="Remap Binominals (2)" to_port="example set input"/>
          <connect from_op="Remap Binominals (2)" from_port="example set output" to_op="Weight by SVM" to_port="example set"/>
          <connect from_op="Weight by SVM" from_port="weights" to_op="Weights to Data" to_port="attribute weights"/>
          <connect from_op="Weights to Data" from_port="example set" to_op="Rename" to_port="example set input"/>
          <connect from_op="Rename" from_port="example set output" to_op="Multiply" to_port="input"/>
          <connect from_op="Multiply" from_port="output 1" to_op="Sort (3)" to_port="example set input"/>
          <connect from_op="Multiply" from_port="output 2" to_op="Sort" to_port="example set input"/>
          <connect from_op="Sort" from_port="example set output" to_op="Top words" to_port="example set input"/>
          <connect from_op="Top words" from_port="example set output" to_op="Normalize (2)" to_port="example set input"/>
          <connect from_op="Normalize (2)" from_port="example set output" to_port="out 2"/>
          <connect from_op="Sort (3)" from_port="example set output" to_op="Bottom words" to_port="example set input"/>
          <connect from_op="Bottom words" from_port="example set output" to_op="Normalize" to_port="example set input"/>
          <connect from_op="Normalize" from_port="example set output" to_op="Generate Attributes" to_port="example set input"/>
          <connect from_op="Generate Attributes" from_port="example set output" to_port="out 1"/>
          <portSpacing port="source_in 1" spacing="0"/>
          <portSpacing port="source_in 2" spacing="0"/>
          <portSpacing port="sink_out 1" spacing="0"/>
          <portSpacing port="sink_out 2" spacing="126"/>
          <portSpacing port="sink_out 3" spacing="0"/>
        </process>
      </operator>
      <connect from_port="input 1" to_op="Nominal to Text" to_port="example set input"/>
      <connect from_op="Nominal to Text" from_port="example set output" to_op="Multiply (2)" to_port="input"/>
      <connect from_op="Multiply (2)" from_port="output 1" to_op="Training Data" to_port="example set input"/>
      <connect from_op="Multiply (2)" from_port="output 2" to_op="Apply Data" to_port="example set input"/>
      <connect from_op="Apply Data" from_port="example set output" to_op="Select Attributes (2)" to_port="example set input"/>
      <connect from_op="Training Data" from_port="example set output" to_op="Process Training Documents" to_port="example set"/>
      <connect from_op="Process Training Documents" from_port="example set" to_op="Multiply (3)" to_port="input"/>
      <connect from_op="Process Training Documents" from_port="word list" to_op="Process Apply Documents" to_port="word list"/>
      <connect from_op="Multiply (3)" from_port="output 1" to_op="Weights" to_port="in 1"/>
      <connect from_op="Multiply (3)" from_port="output 2" to_op="Model and Evaluate" to_port="in 1"/>
      <connect from_op="Model and Evaluate" from_port="out 1" to_op="Apply Model (2)" to_port="model"/>
      <connect from_op="Select Attributes (2)" from_port="example set output" to_op="Generate ID" to_port="example set input"/>
      <connect from_op="Generate ID" from_port="example set output" to_op="Multiply (4)" to_port="input"/>
      <connect from_op="Multiply (4)" from_port="output 1" to_op="Process Apply Documents" to_port="example set"/>
      <connect from_op="Multiply (4)" from_port="output 2" to_op="Join" to_port="right"/>
      <connect from_op="Process Apply Documents" from_port="example set" to_op="Apply Model (2)" to_port="unlabelled data"/>
      <connect from_op="Apply Model (2)" from_port="labelled data" to_op="Drop words" to_port="example set input"/>
      <connect from_op="Drop words" from_port="example set output" to_op="Join" to_port="left"/>
      <connect from_op="Join" from_port="join" to_op="Best and Worst" to_port="in 1"/>
      <connect from_op="Best and Worst" from_port="out 1" to_op="Set Role (2)" to_port="example set input"/>
      <connect from_op="Set Role (2)" from_port="example set output" to_op="Guess Types" to_port="example set input"/>
      <connect from_op="Guess Types" from_port="example set output" to_port="result 3"/>
      <connect from_op="Weights" from_port="out 1" to_port="result 1"/>
      <connect from_op="Weights" from_port="out 2" to_port="result 2"/>
      <portSpacing port="source_input 1" spacing="0"/>
      <portSpacing port="source_input 2" spacing="0"/>
      <portSpacing port="sink_result 1" spacing="0"/>
      <portSpacing port="sink_result 2" spacing="0"/>
      <portSpacing port="sink_result 3" spacing="234"/>
      <portSpacing port="sink_result 4" spacing="144"/>
    </process>
  </operator>
</process>
