<?xml version="1.0" encoding="UTF-8" standalone="no"?>
<process version="6.5.000-SNAPSHOT">
  <context>
    <input>
      <location>input-2015-05-08 0851</location>
    </input>
    <output/>
    <macros>
      <macro>
        <key>label</key>
        <value>Churn</value>
      </macro>
      <macro>
        <key>label_positive_class</key>
        <value>yes</value>
      </macro>
      <macro>
        <key>label_negative_class</key>
        <value>no</value>
      </macro>
    </macros>
  </context>
  <operator activated="true" class="process" compatibility="6.0.002" expanded="true" name="Process">
    <process expanded="true">
      <operator activated="true" class="filter_examples" compatibility="6.5.000-SNAPSHOT" expanded="true" height="94" name="Filter labeled" width="90" x="45" y="120">
        <parameter key="condition_class" value="no_missing_labels"/>
        <list key="filters_list"/>
      </operator>
      <operator activated="true" class="filter_examples" compatibility="6.5.000-SNAPSHOT" expanded="true" height="94" name="Filter unlabeled" width="90" x="179" y="165">
        <parameter key="condition_class" value="missing_labels"/>
        <list key="filters_list"/>
      </operator>
      <operator activated="true" class="subprocess" compatibility="6.5.000-SNAPSHOT" expanded="true" height="76" name="Clean input data" width="90" x="379" y="165">
        <process expanded="true">
          <operator activated="true" class="remove_useless_attributes" compatibility="6.5.000-SNAPSHOT" expanded="true" height="76" name="Remove Useless Attributes" width="90" x="45" y="30">
            <parameter key="nominal_useless_below" value="0.1"/>
          </operator>
          <operator activated="true" class="replace_missing_values" compatibility="6.5.000-SNAPSHOT" expanded="true" height="94" name="Replace Missing Values" width="90" x="179" y="30">
            <parameter key="value_type" value="numeric"/>
            <list key="columns"/>
          </operator>
          <connect from_port="in 1" to_op="Remove Useless Attributes" to_port="example set input"/>
          <connect from_op="Remove Useless Attributes" from_port="example set output" to_op="Replace Missing Values" to_port="example set input"/>
          <connect from_op="Replace Missing Values" from_port="example set output" to_port="out 1"/>
          <portSpacing port="source_in 1" spacing="0"/>
          <portSpacing port="source_in 2" spacing="0"/>
          <portSpacing port="sink_out 1" spacing="0"/>
          <portSpacing port="sink_out 2" spacing="0"/>
        </process>
      </operator>
      <operator activated="true" class="split_data" compatibility="6.5.000-SNAPSHOT" expanded="true" height="94" name="Split training/test" width="90" x="179" y="30">
        <enumeration key="partitions">
          <parameter key="ratio" value="0.6"/>
          <parameter key="ratio" value="0.4"/>
        </enumeration>
        <parameter key="sampling_type" value="stratified sampling"/>
      </operator>
      <operator activated="true" class="subprocess" compatibility="6.5.000-SNAPSHOT" expanded="true" height="76" name="Clean input data (2)" width="90" x="379" y="30">
        <process expanded="true">
          <operator activated="true" class="remove_useless_attributes" compatibility="6.5.000-SNAPSHOT" expanded="true" height="76" name="Remove Useless Attributes (2)" width="90" x="45" y="30">
            <parameter key="nominal_useless_below" value="0.1"/>
          </operator>
          <operator activated="true" class="replace_missing_values" compatibility="6.5.000-SNAPSHOT" expanded="true" height="94" name="Replace Missing Values (2)" width="90" x="179" y="30">
            <parameter key="value_type" value="numeric"/>
            <list key="columns"/>
          </operator>
          <connect from_port="in 1" to_op="Remove Useless Attributes (2)" to_port="example set input"/>
          <connect from_op="Remove Useless Attributes (2)" from_port="example set output" to_op="Replace Missing Values (2)" to_port="example set input"/>
          <connect from_op="Replace Missing Values (2)" from_port="example set output" to_port="out 1"/>
          <portSpacing port="source_in 1" spacing="0"/>
          <portSpacing port="source_in 2" spacing="0"/>
          <portSpacing port="sink_out 1" spacing="0"/>
          <portSpacing port="sink_out 2" spacing="0"/>
        </process>
      </operator>
      <operator activated="true" class="parallel_decision_tree" compatibility="6.5.000-SNAPSHOT" expanded="true" height="76" name="Decision Tree (2)" width="90" x="514" y="75">
        <parameter key="criterion" value="gini_index"/>
        <parameter key="confidence" value="0.3"/>
        <parameter key="minimal_gain" value="0.0"/>
        <parameter key="minimal_leaf_size" value="4"/>
        <parameter key="minimal_size_for_split" value="8"/>
      </operator>
      <operator activated="true" class="subprocess" compatibility="6.5.000-SNAPSHOT" expanded="true" height="76" name="Compute attribute importance" width="90" x="715" y="30">
        <process expanded="true">
          <operator activated="true" class="weight_by_information_gain" compatibility="6.5.000-SNAPSHOT" expanded="true" height="76" name="Weight by Information Gain" width="90" x="45" y="30">
            <parameter key="normalize_weights" value="true"/>
            <parameter key="sort_direction" value="descending"/>
          </operator>
          <operator activated="true" class="weights_to_data" compatibility="6.5.000-SNAPSHOT" expanded="true" height="60" name="Weights to Data" width="90" x="45" y="120"/>
          <operator activated="true" class="extract_macro" compatibility="6.5.000-SNAPSHOT" expanded="true" height="60" name="Extract Macro" width="90" x="179" y="120">
            <parameter key="macro" value="scatter_x"/>
            <parameter key="macro_type" value="data_value"/>
            <parameter key="attribute_name" value="Attribute"/>
            <parameter key="example_index" value="1"/>
            <list key="additional_macros"/>
          </operator>
          <operator activated="true" class="extract_macro" compatibility="6.5.000-SNAPSHOT" expanded="true" height="60" name="Extract Macro (2)" width="90" x="179" y="210">
            <parameter key="macro" value="scatter_y"/>
            <parameter key="macro_type" value="data_value"/>
            <parameter key="attribute_name" value="Attribute"/>
            <parameter key="example_index" value="2"/>
            <list key="additional_macros"/>
          </operator>
          <connect from_port="in 1" to_op="Weight by Information Gain" to_port="example set"/>
          <connect from_op="Weight by Information Gain" from_port="weights" to_op="Weights to Data" to_port="attribute weights"/>
          <connect from_op="Weights to Data" from_port="example set" to_op="Extract Macro" to_port="example set"/>
          <connect from_op="Extract Macro" from_port="example set" to_op="Extract Macro (2)" to_port="example set"/>
          <connect from_op="Extract Macro (2)" from_port="example set" to_port="out 1"/>
          <portSpacing port="source_in 1" spacing="0"/>
          <portSpacing port="source_in 2" spacing="0"/>
          <portSpacing port="sink_out 1" spacing="0"/>
          <portSpacing port="sink_out 2" spacing="0"/>
        </process>
      </operator>
      <operator activated="true" class="create_lift_chart" compatibility="6.5.000-SNAPSHOT" expanded="true" height="94" name="Create Lift Chart (3)" width="90" x="715" y="120">
        <parameter key="target_class" value="%{label_positive_class}"/>
        <parameter key="binning_type" value="simple"/>
        <parameter key="number_of_bins" value="5"/>
      </operator>
      <operator activated="true" class="apply_model" compatibility="6.5.000-SNAPSHOT" expanded="true" height="76" name="Apply Model (3)" width="90" x="916" y="75">
        <list key="application_parameters"/>
      </operator>
      <operator activated="true" class="apply_model" compatibility="6.5.000-SNAPSHOT" expanded="true" height="76" name="Apply Model" width="90" x="1050" y="165">
        <list key="application_parameters"/>
      </operator>
      <operator activated="true" class="subprocess" compatibility="6.5.000-SNAPSHOT" expanded="true" height="94" name="Summarize performance" width="90" x="1050" y="30">
        <process expanded="true">
          <operator activated="true" class="performance_binominal_classification" compatibility="6.5.000-SNAPSHOT" expanded="true" height="76" name="Performance" width="90" x="45" y="30">
            <parameter key="AUC (optimistic)" value="true"/>
            <parameter key="precision" value="true"/>
            <parameter key="recall" value="true"/>
            <parameter key="lift" value="true"/>
          </operator>
          <operator activated="true" class="performance_to_data" compatibility="6.5.000-SNAPSHOT" expanded="true" height="76" name="Performance to Data" width="90" x="179" y="30"/>
          <operator activated="true" class="extract_macro" compatibility="6.5.000-SNAPSHOT" expanded="true" height="60" name="Extr. Accuracy" width="90" x="179" y="120">
            <parameter key="macro" value="accuracy"/>
            <parameter key="macro_type" value="data_value"/>
            <parameter key="attribute_name" value="Value"/>
            <parameter key="example_index" value="1"/>
            <list key="additional_macros"/>
          </operator>
          <operator activated="true" class="extract_macro" compatibility="6.5.000-SNAPSHOT" expanded="true" height="60" name="Extr. AUC" width="90" x="179" y="210">
            <parameter key="macro" value="AUC"/>
            <parameter key="macro_type" value="data_value"/>
            <parameter key="attribute_name" value="Value"/>
            <parameter key="example_index" value="2"/>
            <list key="additional_macros"/>
          </operator>
          <operator activated="true" class="extract_macro" compatibility="6.5.000-SNAPSHOT" expanded="true" height="60" name="Extr. Recall" width="90" x="179" y="300">
            <parameter key="macro" value="recall"/>
            <parameter key="macro_type" value="data_value"/>
            <parameter key="attribute_name" value="Value"/>
            <parameter key="example_index" value="4"/>
            <list key="additional_macros"/>
          </operator>
          <operator activated="true" class="generate_macro" compatibility="6.0.002" expanded="true" height="76" name="Generate Macro" width="90" x="313" y="30">
            <list key="function_descriptions">
              <parameter key="accuracy" value="round(%{accuracy}*100)"/>
              <parameter key="recall" value="round(%{recall}*100)"/>
            </list>
          </operator>
          <connect from_port="in 1" to_op="Performance" to_port="labelled data"/>
          <connect from_op="Performance" from_port="performance" to_op="Performance to Data" to_port="performance vector"/>
          <connect from_op="Performance" from_port="example set" to_port="out 2"/>
          <connect from_op="Performance to Data" from_port="example set" to_op="Extr. Accuracy" to_port="example set"/>
          <connect from_op="Extr. Accuracy" from_port="example set" to_op="Extr. AUC" to_port="example set"/>
          <connect from_op="Extr. AUC" from_port="example set" to_op="Extr. Recall" to_port="example set"/>
          <connect from_op="Extr. Recall" from_port="example set" to_op="Generate Macro" to_port="through 1"/>
          <connect from_op="Generate Macro" from_port="through 1" to_port="out 1"/>
          <portSpacing port="source_in 1" spacing="0"/>
          <portSpacing port="source_in 2" spacing="0"/>
          <portSpacing port="sink_out 1" spacing="0"/>
          <portSpacing port="sink_out 2" spacing="0"/>
          <portSpacing port="sink_out 3" spacing="0"/>
        </process>
      </operator>
      <operator activated="true" class="branch" compatibility="6.5.000-SNAPSHOT" expanded="true" height="76" name="Branch" width="90" x="1251" y="165">
        <parameter key="condition_type" value="min_examples"/>
        <parameter key="condition_value" value="1"/>
        <process expanded="true">
          <operator activated="true" class="sort" compatibility="6.5.000-SNAPSHOT" expanded="true" height="76" name="Sort" width="90" x="45" y="30">
            <parameter key="attribute_name" value="confidence(%{label_positive_class})"/>
            <parameter key="sorting_direction" value="decreasing"/>
          </operator>
          <operator activated="true" class="filter_examples" compatibility="6.5.000-SNAPSHOT" expanded="true" height="94" name="Filter Examples" width="90" x="180" y="30">
            <parameter key="parameter_string" value="confidence(%{label_positive_class})&gt;0.7"/>
            <parameter key="condition_class" value="attribute_value_filter"/>
            <list key="filters_list">
              <parameter key="filters_entry_key" value="confidence(yes).gt.0\.7"/>
            </list>
          </operator>
          <operator activated="true" class="rename" compatibility="6.5.000-SNAPSHOT" expanded="true" height="76" name="Rename" width="90" x="313" y="30">
            <parameter key="old_name" value="confidence(%{label_positive_class})"/>
            <parameter key="new_name" value="Confidence"/>
            <list key="rename_additional_attributes"/>
          </operator>
          <operator activated="true" class="select_attributes" compatibility="6.5.000-SNAPSHOT" expanded="true" height="76" name="Select Attributes (2)" width="90" x="447" y="30">
            <parameter key="attribute_filter_type" value="single"/>
            <parameter key="attribute" value="%{label}"/>
            <parameter key="invert_selection" value="true"/>
            <parameter key="include_special_attributes" value="true"/>
          </operator>
          <operator activated="true" class="select_attributes" compatibility="6.5.000-SNAPSHOT" expanded="true" height="76" name="Select Attributes (3)" width="90" x="581" y="30">
            <parameter key="attribute_filter_type" value="single"/>
            <parameter key="attribute" value="confidence(%{label_negative_class})"/>
            <parameter key="invert_selection" value="true"/>
            <parameter key="include_special_attributes" value="true"/>
          </operator>
          <connect from_port="condition" to_op="Sort" to_port="example set input"/>
          <connect from_op="Sort" from_port="example set output" to_op="Filter Examples" to_port="example set input"/>
          <connect from_op="Filter Examples" from_port="example set output" to_op="Rename" to_port="example set input"/>
          <connect from_op="Rename" from_port="example set output" to_op="Select Attributes (2)" to_port="example set input"/>
          <connect from_op="Select Attributes (2)" from_port="example set output" to_op="Select Attributes (3)" to_port="example set input"/>
          <connect from_op="Select Attributes (3)" from_port="example set output" to_port="input 1"/>
          <portSpacing port="source_condition" spacing="0"/>
          <portSpacing port="source_input 1" spacing="0"/>
          <portSpacing port="sink_input 1" spacing="0"/>
          <portSpacing port="sink_input 2" spacing="0"/>
        </process>
        <process expanded="true">
          <operator activated="true" class="generate_data_user_specification" compatibility="6.5.000-SNAPSHOT" expanded="true" height="60" name="Generate Data by User Specification" width="90" x="45" y="30">
            <list key="attribute_values">
              <parameter key="Notice" value="&quot;The data set provided does not contain any unlabelled examples&quot;"/>
            </list>
            <list key="set_additional_roles"/>
          </operator>
          <connect from_op="Generate Data by User Specification" from_port="output" to_port="input 1"/>
          <portSpacing port="source_condition" spacing="0"/>
          <portSpacing port="source_input 1" spacing="0"/>
          <portSpacing port="sink_input 1" spacing="0"/>
          <portSpacing port="sink_input 2" spacing="0"/>
        </process>
      </operator>
      <connect from_port="input 1" to_op="Filter labeled" to_port="example set input"/>
      <connect from_op="Filter labeled" from_port="example set output" to_op="Split training/test" to_port="example set"/>
      <connect from_op="Filter labeled" from_port="original" to_op="Filter unlabeled" to_port="example set input"/>
      <connect from_op="Filter unlabeled" from_port="example set output" to_op="Clean input data" to_port="in 1"/>
      <connect from_op="Clean input data" from_port="out 1" to_op="Apply Model" to_port="unlabelled data"/>
      <connect from_op="Split training/test" from_port="partition 1" to_op="Clean input data (2)" to_port="in 1"/>
      <connect from_op="Split training/test" from_port="partition 2" to_op="Create Lift Chart (3)" to_port="example set"/>
      <connect from_op="Clean input data (2)" from_port="out 1" to_op="Decision Tree (2)" to_port="training set"/>
      <connect from_op="Decision Tree (2)" from_port="model" to_op="Create Lift Chart (3)" to_port="model"/>
      <connect from_op="Decision Tree (2)" from_port="exampleSet" to_op="Compute attribute importance" to_port="in 1"/>
      <connect from_op="Compute attribute importance" from_port="out 1" to_port="result 4"/>
      <connect from_op="Create Lift Chart (3)" from_port="example set" to_op="Apply Model (3)" to_port="unlabelled data"/>
      <connect from_op="Create Lift Chart (3)" from_port="model" to_op="Apply Model (3)" to_port="model"/>
      <connect from_op="Create Lift Chart (3)" from_port="lift pareto chart" to_port="result 3"/>
      <connect from_op="Apply Model (3)" from_port="labelled data" to_op="Summarize performance" to_port="in 1"/>
      <connect from_op="Apply Model (3)" from_port="model" to_op="Apply Model" to_port="model"/>
      <connect from_op="Apply Model" from_port="labelled data" to_op="Branch" to_port="condition"/>
      <connect from_op="Apply Model" from_port="model" to_port="result 5"/>
      <connect from_op="Summarize performance" from_port="out 1" to_port="result 1"/>
      <connect from_op="Summarize performance" from_port="out 2" to_port="result 6"/>
      <connect from_op="Branch" from_port="input 1" to_port="result 2"/>
      <portSpacing port="source_input 1" spacing="0"/>
      <portSpacing port="source_input 2" spacing="0"/>
      <portSpacing port="sink_result 1" spacing="0"/>
      <portSpacing port="sink_result 2" spacing="0"/>
      <portSpacing port="sink_result 3" spacing="0"/>
      <portSpacing port="sink_result 4" spacing="0"/>
      <portSpacing port="sink_result 5" spacing="0"/>
      <portSpacing port="sink_result 6" spacing="0"/>
      <portSpacing port="sink_result 7" spacing="216"/>
    </process>
  </operator>
</process>
