<?xml version="1.0" encoding="UTF-8" standalone="no"?>
<process version="5.3.014">
  <context>
    <input>
      <location>input</location>
    </input>
    <output/>
    <macros>
      <macro>
        <key>label</key>
        <value>Failure</value>
      </macro>
      <macro>
        <key>label_positive_class</key>
        <value>yes</value>
      </macro>
      <macro>
        <key>label_negative_class</key>
        <value>no</value>
      </macro>
    </macros>
  </context>
  <operator activated="true" class="process" compatibility="5.3.014" expanded="true" name="Process">
    <process expanded="true">
      <operator activated="true" class="subprocess" compatibility="5.3.014" expanded="true" height="76" name="Preprocess" width="90" x="45" y="30">
        <process expanded="true">
          <operator activated="true" class="remove_useless_attributes" compatibility="5.3.014" expanded="true" height="76" name="Remove Useless Attributes" width="90" x="45" y="30"/>
          <operator activated="true" class="nominal_to_numerical" compatibility="5.3.014" expanded="true" height="94" name="Nominal to Numerical" width="90" x="179" y="30">
            <list key="comparison_groups"/>
          </operator>
          <connect from_port="in 1" to_op="Remove Useless Attributes" to_port="example set input"/>
          <connect from_op="Remove Useless Attributes" from_port="example set output" to_op="Nominal to Numerical" to_port="example set input"/>
          <connect from_op="Nominal to Numerical" from_port="example set output" to_port="out 1"/>
          <portSpacing port="source_in 1" spacing="0"/>
          <portSpacing port="source_in 2" spacing="0"/>
          <portSpacing port="sink_out 1" spacing="0"/>
          <portSpacing port="sink_out 2" spacing="0"/>
        </process>
      </operator>
      <operator activated="true" class="rename" compatibility="5.3.014" expanded="true" height="76" name="Rename (4)" width="90" x="179" y="30">
        <parameter key="old_name" value="%{label}"/>
        <parameter key="new_name" value="Failure"/>
        <list key="rename_additional_attributes"/>
      </operator>
      <operator activated="true" class="subprocess" compatibility="5.3.014" expanded="true" height="94" name="Split" width="90" x="45" y="120">
        <process expanded="true">
          <operator activated="true" class="multiply" compatibility="5.3.014" expanded="true" height="94" name="Multiply (2)" width="90" x="45" y="30"/>
          <operator activated="true" class="filter_examples" compatibility="5.3.014" expanded="true" height="76" name="Filter Training Data" width="90" x="180" y="30">
            <parameter key="condition_class" value="no_missing_labels"/>
            <list key="filters_list"/>
          </operator>
          <operator activated="true" class="filter_examples" compatibility="5.3.014" expanded="true" height="76" name="Filter Application Data" width="90" x="179" y="120">
            <parameter key="condition_class" value="missing_labels"/>
            <list key="filters_list"/>
          </operator>
          <operator activated="true" class="select_attributes" compatibility="5.3.014" expanded="true" height="76" name="Select Attributes (2)" width="90" x="313" y="120">
            <parameter key="attribute_filter_type" value="single"/>
            <parameter key="attribute" value="Failure"/>
            <parameter key="invert_selection" value="true"/>
            <parameter key="include_special_attributes" value="true"/>
          </operator>
          <connect from_port="in 1" to_op="Multiply (2)" to_port="input"/>
          <connect from_op="Multiply (2)" from_port="output 1" to_op="Filter Training Data" to_port="example set input"/>
          <connect from_op="Multiply (2)" from_port="output 2" to_op="Filter Application Data" to_port="example set input"/>
          <connect from_op="Filter Training Data" from_port="example set output" to_port="out 1"/>
          <connect from_op="Filter Application Data" from_port="example set output" to_op="Select Attributes (2)" to_port="example set input"/>
          <connect from_op="Select Attributes (2)" from_port="example set output" to_port="out 2"/>
          <portSpacing port="source_in 1" spacing="0"/>
          <portSpacing port="source_in 2" spacing="0"/>
          <portSpacing port="sink_out 1" spacing="0"/>
          <portSpacing port="sink_out 2" spacing="0"/>
          <portSpacing port="sink_out 3" spacing="0"/>
        </process>
      </operator>
      <operator activated="true" class="multiply" compatibility="5.3.014" expanded="true" height="112" name="Multiply (3)" width="90" x="179" y="120"/>
      <operator activated="true" class="subprocess" compatibility="5.3.014" expanded="true" height="76" name="Compute Weights" width="90" x="380" y="30">
        <process expanded="true">
          <operator activated="true" class="weight_by_correlation" compatibility="5.3.014" expanded="true" height="76" name="Weight by Correlation" width="90" x="45" y="30"/>
          <operator activated="true" class="weights_to_data" compatibility="5.3.014" expanded="true" height="60" name="Weights to Data" width="90" x="179" y="30"/>
          <operator activated="true" class="generate_attributes" compatibility="5.3.014" expanded="true" height="76" name="Generate Attributes (2)" width="90" x="313" y="30">
            <list key="function_descriptions">
              <parameter key="Method" value="&quot;Correlation&quot;"/>
            </list>
          </operator>
          <operator activated="true" class="weight_by_gini_index" compatibility="5.3.014" expanded="true" height="76" name="Weight by Gini Index" width="90" x="45" y="120"/>
          <operator activated="true" class="weight_by_information_gain" compatibility="5.3.014" expanded="true" height="76" name="Weight by Information Gain" width="90" x="45" y="210"/>
          <operator activated="true" class="weight_by_information_gain_ratio" compatibility="5.3.014" expanded="true" height="76" name="Weight by Information Gain Ratio" width="90" x="45" y="300"/>
          <operator activated="true" class="weights_to_data" compatibility="5.3.014" expanded="true" height="60" name="Weights to Data (2)" width="90" x="179" y="120"/>
          <operator activated="true" class="generate_attributes" compatibility="5.3.014" expanded="true" height="76" name="Generate Attributes (3)" width="90" x="313" y="120">
            <list key="function_descriptions">
              <parameter key="Method" value="&quot;Gini&quot;"/>
            </list>
          </operator>
          <operator activated="true" class="weights_to_data" compatibility="5.3.014" expanded="true" height="60" name="Weights to Data (3)" width="90" x="179" y="210"/>
          <operator activated="true" class="generate_attributes" compatibility="5.3.014" expanded="true" height="76" name="Generate Attributes (4)" width="90" x="313" y="210">
            <list key="function_descriptions">
              <parameter key="Method" value="&quot;InfoGain&quot;"/>
            </list>
          </operator>
          <operator activated="true" class="weights_to_data" compatibility="5.3.014" expanded="true" height="60" name="Weights to Data (4)" width="90" x="179" y="300"/>
          <operator activated="true" class="generate_attributes" compatibility="5.3.014" expanded="true" height="76" name="Generate Attributes (5)" width="90" x="313" y="300">
            <list key="function_descriptions">
              <parameter key="Method" value="&quot;InfoGainRatio&quot;"/>
            </list>
          </operator>
          <operator activated="true" class="append" compatibility="5.3.014" expanded="true" height="130" name="Append" width="90" x="447" y="30"/>
          <operator activated="true" class="pivot" compatibility="5.3.014" expanded="true" height="76" name="Pivot" width="90" x="581" y="30">
            <parameter key="group_attribute" value="Attribute"/>
            <parameter key="index_attribute" value="Method"/>
          </operator>
          <operator activated="true" class="generate_aggregation" compatibility="5.3.014" expanded="true" height="76" name="Generate Aggregation" width="90" x="715" y="30">
            <parameter key="attribute_name" value="Weight"/>
            <parameter key="attribute_filter_type" value="value_type"/>
            <parameter key="value_type" value="numeric"/>
            <parameter key="aggregation_function" value="average"/>
          </operator>
          <operator activated="true" class="normalize" compatibility="5.3.014" expanded="true" height="94" name="Normalize" width="90" x="849" y="30">
            <parameter key="attribute_filter_type" value="single"/>
            <parameter key="attribute" value="Weight"/>
            <parameter key="method" value="range transformation"/>
          </operator>
          <operator activated="true" class="sort" compatibility="5.3.014" expanded="true" height="76" name="Sort (2)" width="90" x="581" y="120">
            <parameter key="attribute_name" value="Weight"/>
            <parameter key="sorting_direction" value="decreasing"/>
          </operator>
          <operator activated="true" class="filter_example_range" compatibility="5.3.014" expanded="true" height="76" name="Filter Example Range" width="90" x="715" y="120">
            <parameter key="first_example" value="1"/>
            <parameter key="last_example" value="20"/>
          </operator>
          <operator activated="true" class="order_attributes" compatibility="5.3.014" expanded="true" height="76" name="Reorder Attributes (3)" width="90" x="849" y="120">
            <parameter key="attribute_ordering" value="Attribute|Weight"/>
            <parameter key="handle_unmatched" value="remove"/>
          </operator>
          <connect from_port="in 1" to_op="Weight by Correlation" to_port="example set"/>
          <connect from_op="Weight by Correlation" from_port="weights" to_op="Weights to Data" to_port="attribute weights"/>
          <connect from_op="Weight by Correlation" from_port="example set" to_op="Weight by Gini Index" to_port="example set"/>
          <connect from_op="Weights to Data" from_port="example set" to_op="Generate Attributes (2)" to_port="example set input"/>
          <connect from_op="Generate Attributes (2)" from_port="example set output" to_op="Append" to_port="example set 1"/>
          <connect from_op="Weight by Gini Index" from_port="weights" to_op="Weights to Data (2)" to_port="attribute weights"/>
          <connect from_op="Weight by Gini Index" from_port="example set" to_op="Weight by Information Gain" to_port="example set"/>
          <connect from_op="Weight by Information Gain" from_port="weights" to_op="Weights to Data (3)" to_port="attribute weights"/>
          <connect from_op="Weight by Information Gain" from_port="example set" to_op="Weight by Information Gain Ratio" to_port="example set"/>
          <connect from_op="Weight by Information Gain Ratio" from_port="weights" to_op="Weights to Data (4)" to_port="attribute weights"/>
          <connect from_op="Weights to Data (2)" from_port="example set" to_op="Generate Attributes (3)" to_port="example set input"/>
          <connect from_op="Generate Attributes (3)" from_port="example set output" to_op="Append" to_port="example set 2"/>
          <connect from_op="Weights to Data (3)" from_port="example set" to_op="Generate Attributes (4)" to_port="example set input"/>
          <connect from_op="Generate Attributes (4)" from_port="example set output" to_op="Append" to_port="example set 3"/>
          <connect from_op="Weights to Data (4)" from_port="example set" to_op="Generate Attributes (5)" to_port="example set input"/>
          <connect from_op="Generate Attributes (5)" from_port="example set output" to_op="Append" to_port="example set 4"/>
          <connect from_op="Append" from_port="merged set" to_op="Pivot" to_port="example set input"/>
          <connect from_op="Pivot" from_port="example set output" to_op="Generate Aggregation" to_port="example set input"/>
          <connect from_op="Generate Aggregation" from_port="example set output" to_op="Normalize" to_port="example set input"/>
          <connect from_op="Normalize" from_port="example set output" to_op="Sort (2)" to_port="example set input"/>
          <connect from_op="Sort (2)" from_port="example set output" to_op="Filter Example Range" to_port="example set input"/>
          <connect from_op="Filter Example Range" from_port="example set output" to_op="Reorder Attributes (3)" to_port="example set input"/>
          <connect from_op="Reorder Attributes (3)" from_port="example set output" to_port="out 1"/>
          <portSpacing port="source_in 1" spacing="0"/>
          <portSpacing port="source_in 2" spacing="0"/>
          <portSpacing port="sink_out 1" spacing="0"/>
          <portSpacing port="sink_out 2" spacing="0"/>
        </process>
      </operator>
      <operator activated="true" class="subprocess" compatibility="5.3.014" expanded="true" height="76" name="Train Model" width="90" x="380" y="300">
        <process expanded="true">
          <operator activated="true" class="multiply" compatibility="5.3.014" expanded="true" height="94" name="Multiply (5)" width="90" x="45" y="30"/>
          <operator activated="true" class="optimize_parameters_grid" compatibility="5.3.014" expanded="true" height="94" name="Optimize Parameters (2)" width="90" x="179" y="30">
            <list key="parameters">
              <parameter key="k-NN Final ParamOpt.k" value="[1.0;25;10;linear]"/>
            </list>
            <process expanded="true">
              <operator activated="true" class="x_validation" compatibility="5.3.014" expanded="true" height="112" name="Validation (5)" width="90" x="45" y="30">
                <parameter key="number_of_validations" value="5"/>
                <process expanded="true">
                  <operator activated="true" class="k_nn" compatibility="5.3.014" expanded="true" height="76" name="k-NN Final ParamOpt" width="90" x="211" y="30">
                    <parameter key="k" value="25"/>
                    <parameter key="weighted_vote" value="true"/>
                    <parameter key="measure_types" value="NumericalMeasures"/>
                    <parameter key="divergence" value="SquaredEuclideanDistance"/>
                  </operator>
                  <connect from_port="training" to_op="k-NN Final ParamOpt" to_port="training set"/>
                  <connect from_op="k-NN Final ParamOpt" from_port="model" to_port="model"/>
                  <portSpacing port="source_training" spacing="0"/>
                  <portSpacing port="sink_model" spacing="0"/>
                  <portSpacing port="sink_through 1" spacing="0"/>
                </process>
                <process expanded="true">
                  <operator activated="true" class="apply_model" compatibility="5.3.014" expanded="true" height="76" name="Apply Model (7)" width="90" x="45" y="30">
                    <list key="application_parameters"/>
                  </operator>
                  <operator activated="true" class="performance_binominal_classification" compatibility="5.3.014" expanded="true" height="76" name="Performance (7)" width="90" x="324" y="30">
                    <parameter key="main_criterion" value="AUC"/>
                  </operator>
                  <connect from_port="model" to_op="Apply Model (7)" to_port="model"/>
                  <connect from_port="test set" to_op="Apply Model (7)" to_port="unlabelled data"/>
                  <connect from_op="Apply Model (7)" from_port="labelled data" to_op="Performance (7)" to_port="labelled data"/>
                  <connect from_op="Performance (7)" from_port="performance" to_port="averagable 1"/>
                  <portSpacing port="source_model" spacing="0"/>
                  <portSpacing port="source_test set" spacing="0"/>
                  <portSpacing port="source_through 1" spacing="0"/>
                  <portSpacing port="sink_averagable 1" spacing="0"/>
                  <portSpacing port="sink_averagable 2" spacing="0"/>
                </process>
              </operator>
              <connect from_port="input 1" to_op="Validation (5)" to_port="training"/>
              <connect from_op="Validation (5)" from_port="averagable 1" to_port="performance"/>
              <portSpacing port="source_input 1" spacing="0"/>
              <portSpacing port="source_input 2" spacing="0"/>
              <portSpacing port="sink_performance" spacing="0"/>
              <portSpacing port="sink_result 1" spacing="0"/>
            </process>
          </operator>
          <operator activated="true" class="set_parameters" compatibility="5.3.014" expanded="true" height="94" name="Set Parameters (2)" width="90" x="179" y="165">
            <list key="name_map">
              <parameter key="k-NN Final ParamOpt" value="Final k-NN"/>
            </list>
          </operator>
          <operator activated="true" class="k_nn" compatibility="5.3.014" expanded="true" height="76" name="Final k-NN" width="90" x="313" y="165">
            <parameter key="k" value="11"/>
            <parameter key="weighted_vote" value="true"/>
            <parameter key="measure_types" value="NumericalMeasures"/>
            <parameter key="divergence" value="SquaredEuclideanDistance"/>
            <parameter key="kernel_type" value="sigmoid"/>
          </operator>
          <connect from_port="in 1" to_op="Multiply (5)" to_port="input"/>
          <connect from_op="Multiply (5)" from_port="output 1" to_op="Optimize Parameters (2)" to_port="input 1"/>
          <connect from_op="Multiply (5)" from_port="output 2" to_op="Set Parameters (2)" to_port="through 1"/>
          <connect from_op="Optimize Parameters (2)" from_port="parameter" to_op="Set Parameters (2)" to_port="parameter set"/>
          <connect from_op="Set Parameters (2)" from_port="through 1" to_op="Final k-NN" to_port="training set"/>
          <connect from_op="Final k-NN" from_port="model" to_port="out 1"/>
          <portSpacing port="source_in 1" spacing="0"/>
          <portSpacing port="source_in 2" spacing="0"/>
          <portSpacing port="sink_out 1" spacing="0"/>
          <portSpacing port="sink_out 2" spacing="0"/>
        </process>
      </operator>
      <operator activated="true" class="subprocess" compatibility="5.3.014" expanded="true" height="94" name="Apply Model" width="90" x="380" y="435">
        <process expanded="true">
          <operator activated="true" class="apply_model" compatibility="5.3.014" expanded="true" height="76" name="Apply Model (8)" width="90" x="45" y="30">
            <list key="application_parameters"/>
          </operator>
          <operator activated="true" class="sort" compatibility="5.3.014" expanded="true" height="76" name="Sort (3)" width="90" x="179" y="30">
            <parameter key="attribute_name" value="confidence(yes)"/>
            <parameter key="sorting_direction" value="decreasing"/>
          </operator>
          <connect from_port="in 1" to_op="Apply Model (8)" to_port="unlabelled data"/>
          <connect from_port="in 2" to_op="Apply Model (8)" to_port="model"/>
          <connect from_op="Apply Model (8)" from_port="labelled data" to_op="Sort (3)" to_port="example set input"/>
          <connect from_op="Sort (3)" from_port="example set output" to_port="out 1"/>
          <portSpacing port="source_in 1" spacing="0"/>
          <portSpacing port="source_in 2" spacing="0"/>
          <portSpacing port="source_in 3" spacing="0"/>
          <portSpacing port="sink_out 1" spacing="0"/>
          <portSpacing port="sink_out 2" spacing="0"/>
        </process>
      </operator>
      <operator activated="true" class="multiply" compatibility="5.3.014" expanded="true" height="94" name="Multiply (6)" width="90" x="514" y="435"/>
      <operator activated="true" class="select_attributes" compatibility="5.3.014" expanded="true" height="76" name="Select Attributes (4)" width="90" x="648" y="435">
        <parameter key="attribute_filter_type" value="single"/>
        <parameter key="attribute" value="confidence(%{label_negative_class})"/>
        <parameter key="invert_selection" value="true"/>
        <parameter key="include_special_attributes" value="true"/>
      </operator>
      <operator activated="true" class="rename" compatibility="5.3.014" expanded="true" height="76" name="Rename (7)" width="90" x="782" y="435">
        <parameter key="old_name" value="confidence(%{label_positive_class})"/>
        <parameter key="new_name" value="Failure probability"/>
        <list key="rename_additional_attributes"/>
      </operator>
      <operator activated="true" class="subprocess" compatibility="5.3.014" expanded="true" height="76" name="Aggregate Risk" width="90" x="648" y="345">
        <process expanded="true">
          <operator activated="true" class="select_attributes" compatibility="5.3.014" expanded="true" height="76" name="Select Attributes (3)" width="90" x="45" y="30">
            <parameter key="invert_selection" value="true"/>
          </operator>
          <operator activated="true" class="generate_copy" compatibility="5.3.014" expanded="true" height="76" name="Generate Copy (2)" width="90" x="179" y="30">
            <parameter key="attribute_name" value="confidence(%{label_positive_class})"/>
            <parameter key="new_name" value="Risk of Failure"/>
          </operator>
          <operator activated="true" class="discretize_by_user_specification" compatibility="5.3.014" expanded="true" height="94" name="Discretize (3)" width="90" x="313" y="30">
            <parameter key="attribute_filter_type" value="single"/>
            <parameter key="attribute" value="Risk of Failure"/>
            <list key="classes">
              <parameter key="0% - 10%" value="0.1"/>
              <parameter key="10% - 20%" value="0.2"/>
              <parameter key="20% - 30%" value="0.3"/>
              <parameter key="30% - 40%" value="0.4"/>
              <parameter key="40% - 50%" value="0.5"/>
              <parameter key="50% - 60%" value="0.6"/>
              <parameter key="60% - 70%" value="0.7"/>
              <parameter key="70% - 80%" value="0.8"/>
              <parameter key="80% - 90%" value="0.9"/>
              <parameter key="90% - 100%" value="Infinity"/>
            </list>
          </operator>
          <operator activated="true" class="rename" compatibility="5.3.014" expanded="true" height="76" name="Rename (5)" width="90" x="447" y="30">
            <parameter key="old_name" value="prediction(Failure)"/>
            <parameter key="new_name" value="Failure Predicted"/>
            <list key="rename_additional_attributes"/>
          </operator>
          <operator activated="true" class="aggregate" compatibility="5.3.014" expanded="true" height="76" name="Aggregate (3)" width="90" x="581" y="30">
            <list key="aggregation_attributes">
              <parameter key="Failure Predicted" value="count"/>
              <parameter key="confidence(yes)" value="average"/>
            </list>
            <parameter key="group_by_attributes" value="Risk of Failure|Failure Predicted"/>
          </operator>
          <operator activated="true" class="sort" compatibility="5.3.014" expanded="true" height="76" name="Sort (4)" width="90" x="715" y="30">
            <parameter key="attribute_name" value="average(confidence(yes))"/>
          </operator>
          <operator activated="true" class="rename" compatibility="5.3.014" expanded="true" height="76" name="Rename (6)" width="90" x="849" y="30">
            <parameter key="old_name" value="count(Failure Predicted)"/>
            <parameter key="new_name" value="Count"/>
            <list key="rename_additional_attributes">
              <parameter key="average(confidence(yes))" value="Average Risk"/>
            </list>
          </operator>
          <connect from_port="in 1" to_op="Select Attributes (3)" to_port="example set input"/>
          <connect from_op="Select Attributes (3)" from_port="example set output" to_op="Generate Copy (2)" to_port="example set input"/>
          <connect from_op="Generate Copy (2)" from_port="example set output" to_op="Discretize (3)" to_port="example set input"/>
          <connect from_op="Discretize (3)" from_port="example set output" to_op="Rename (5)" to_port="example set input"/>
          <connect from_op="Rename (5)" from_port="example set output" to_op="Aggregate (3)" to_port="example set input"/>
          <connect from_op="Aggregate (3)" from_port="example set output" to_op="Sort (4)" to_port="example set input"/>
          <connect from_op="Sort (4)" from_port="example set output" to_op="Rename (6)" to_port="example set input"/>
          <connect from_op="Rename (6)" from_port="example set output" to_port="out 1"/>
          <portSpacing port="source_in 1" spacing="0"/>
          <portSpacing port="source_in 2" spacing="0"/>
          <portSpacing port="sink_out 1" spacing="0"/>
          <portSpacing port="sink_out 2" spacing="0"/>
        </process>
      </operator>
      <operator activated="true" class="subprocess" compatibility="5.3.014" expanded="true" height="112" name="Evaluate Model" width="90" x="380" y="165">
        <process expanded="true">
          <operator activated="true" class="x_prediction" compatibility="5.3.014" expanded="true" height="60" name="X-Prediction" width="90" x="45" y="30">
            <process expanded="true">
              <operator activated="true" class="multiply" compatibility="5.3.014" expanded="true" height="94" name="Multiply" width="90" x="45" y="30"/>
              <operator activated="true" class="optimize_parameters_grid" compatibility="5.3.014" expanded="true" height="94" name="Optimize Parameters (Grid)" width="90" x="179" y="30">
                <list key="parameters">
                  <parameter key="k-NN ParamOpt.k" value="[1.0;25;10;quadratic]"/>
                </list>
                <process expanded="true">
                  <operator activated="true" class="x_validation" compatibility="5.3.014" expanded="true" height="112" name="Validation (2)" width="90" x="45" y="30">
                    <parameter key="number_of_validations" value="5"/>
                    <process expanded="true">
                      <operator activated="true" class="k_nn" compatibility="5.3.014" expanded="true" height="76" name="k-NN ParamOpt" width="90" x="45" y="30">
                        <parameter key="k" value="25"/>
                        <parameter key="weighted_vote" value="true"/>
                        <parameter key="measure_types" value="NumericalMeasures"/>
                        <parameter key="divergence" value="SquaredEuclideanDistance"/>
                      </operator>
                      <connect from_port="training" to_op="k-NN ParamOpt" to_port="training set"/>
                      <connect from_op="k-NN ParamOpt" from_port="model" to_port="model"/>
                      <portSpacing port="source_training" spacing="0"/>
                      <portSpacing port="sink_model" spacing="0"/>
                      <portSpacing port="sink_through 1" spacing="0"/>
                    </process>
                    <process expanded="true">
                      <operator activated="true" class="apply_model" compatibility="5.3.014" expanded="true" height="76" name="Apply Model (2)" width="90" x="45" y="30">
                        <list key="application_parameters"/>
                      </operator>
                      <operator activated="true" class="performance_binominal_classification" compatibility="5.3.014" expanded="true" height="76" name="Performance (2)" width="90" x="179" y="30"/>
                      <connect from_port="model" to_op="Apply Model (2)" to_port="model"/>
                      <connect from_port="test set" to_op="Apply Model (2)" to_port="unlabelled data"/>
                      <connect from_op="Apply Model (2)" from_port="labelled data" to_op="Performance (2)" to_port="labelled data"/>
                      <connect from_op="Performance (2)" from_port="performance" to_port="averagable 1"/>
                      <portSpacing port="source_model" spacing="0"/>
                      <portSpacing port="source_test set" spacing="0"/>
                      <portSpacing port="source_through 1" spacing="0"/>
                      <portSpacing port="sink_averagable 1" spacing="0"/>
                      <portSpacing port="sink_averagable 2" spacing="0"/>
                    </process>
                  </operator>
                  <operator activated="true" class="log" compatibility="5.3.014" expanded="true" height="76" name="Log" width="90" x="179" y="30">
                    <list key="log">
                      <parameter key="iteration" value="operator.Optimize Parameters (Grid).value.applycount"/>
                      <parameter key="k" value="operator.k-NN ParamOpt.parameter.k"/>
                      <parameter key="performance" value="operator.Validation (2).value.performance"/>
                    </list>
                  </operator>
                  <connect from_port="input 1" to_op="Validation (2)" to_port="training"/>
                  <connect from_op="Validation (2)" from_port="averagable 1" to_op="Log" to_port="through 1"/>
                  <connect from_op="Log" from_port="through 1" to_port="performance"/>
                  <portSpacing port="source_input 1" spacing="0"/>
                  <portSpacing port="source_input 2" spacing="0"/>
                  <portSpacing port="sink_performance" spacing="0"/>
                  <portSpacing port="sink_result 1" spacing="0"/>
                </process>
              </operator>
              <operator activated="true" class="set_parameters" compatibility="5.3.014" expanded="true" height="94" name="Set Parameters" width="90" x="179" y="165">
                <list key="name_map">
                  <parameter key="k-NN ParamOpt" value="k-NN"/>
                </list>
              </operator>
              <operator activated="true" class="k_nn" compatibility="5.3.014" expanded="true" height="76" name="k-NN" width="90" x="313" y="165">
                <parameter key="k" value="16"/>
                <parameter key="weighted_vote" value="true"/>
                <parameter key="measure_types" value="NumericalMeasures"/>
                <parameter key="divergence" value="SquaredEuclideanDistance"/>
                <parameter key="kernel_type" value="sigmoid"/>
              </operator>
              <connect from_port="training" to_op="Multiply" to_port="input"/>
              <connect from_op="Multiply" from_port="output 1" to_op="Optimize Parameters (Grid)" to_port="input 1"/>
              <connect from_op="Multiply" from_port="output 2" to_op="Set Parameters" to_port="through 1"/>
              <connect from_op="Optimize Parameters (Grid)" from_port="parameter" to_op="Set Parameters" to_port="parameter set"/>
              <connect from_op="Set Parameters" from_port="through 1" to_op="k-NN" to_port="training set"/>
              <connect from_op="k-NN" from_port="model" to_port="model"/>
              <portSpacing port="source_training" spacing="0"/>
              <portSpacing port="sink_model" spacing="0"/>
              <portSpacing port="sink_through 1" spacing="0"/>
            </process>
            <process expanded="true">
              <operator activated="true" class="apply_model" compatibility="5.3.014" expanded="true" height="76" name="Apply Model (6)" width="90" x="45" y="30">
                <list key="application_parameters"/>
              </operator>
              <connect from_port="model" to_op="Apply Model (6)" to_port="model"/>
              <connect from_port="unlabelled data" to_op="Apply Model (6)" to_port="unlabelled data"/>
              <connect from_op="Apply Model (6)" from_port="labelled data" to_port="labelled data"/>
              <portSpacing port="source_model" spacing="0"/>
              <portSpacing port="source_unlabelled data" spacing="0"/>
              <portSpacing port="source_through 1" spacing="0"/>
              <portSpacing port="sink_labelled data" spacing="0"/>
            </process>
          </operator>
          <operator activated="true" class="performance_binominal_classification" compatibility="5.3.014" expanded="true" height="76" name="Performance" width="90" x="179" y="30">
            <parameter key="classification_error" value="true"/>
            <parameter key="AUC" value="true"/>
            <parameter key="precision" value="true"/>
            <parameter key="recall" value="true"/>
          </operator>
          <operator activated="true" class="select_attributes" compatibility="5.3.014" expanded="true" height="76" name="Select Attributes" width="90" x="179" y="120">
            <parameter key="invert_selection" value="true"/>
          </operator>
          <operator activated="true" class="generate_copy" compatibility="5.3.014" expanded="true" height="76" name="Generate Copy" width="90" x="315" y="120">
            <parameter key="attribute_name" value="confidence(%{label_positive_class})"/>
            <parameter key="new_name" value="Confidence of Failure"/>
          </operator>
          <operator activated="true" class="sort" compatibility="5.3.014" expanded="true" height="76" name="Sort" width="90" x="447" y="120">
            <parameter key="attribute_name" value="Confidence of Failure"/>
            <parameter key="sorting_direction" value="decreasing"/>
          </operator>
          <operator activated="true" class="discretize_by_user_specification" compatibility="5.3.014" expanded="true" height="94" name="Discretize (2)" width="90" x="581" y="120">
            <parameter key="attribute_filter_type" value="single"/>
            <parameter key="attribute" value="Confidence of Failure"/>
            <list key="classes">
              <parameter key="0% - 10%" value="0.1"/>
              <parameter key="10% - 20%" value="0.2"/>
              <parameter key="20% - 30%" value="0.3"/>
              <parameter key="30% - 40%" value="0.4"/>
              <parameter key="40% - 50%" value="0.5"/>
              <parameter key="50% - 60%" value="0.6"/>
              <parameter key="60% - 70%" value="0.7"/>
              <parameter key="70% - 80%" value="0.8"/>
              <parameter key="80% - 90%" value="0.9"/>
              <parameter key="90% - 100%" value="Infinity"/>
            </list>
          </operator>
          <operator activated="true" class="aggregate" compatibility="5.3.014" expanded="true" height="76" name="Aggregate (2)" width="90" x="715" y="120">
            <list key="aggregation_attributes">
              <parameter key="Failure" value="count"/>
            </list>
            <parameter key="group_by_attributes" value="|Confidence of Failure|Failure"/>
          </operator>
          <operator activated="true" class="rename" compatibility="5.3.014" expanded="true" height="76" name="Rename (2)" width="90" x="849" y="120">
            <parameter key="old_name" value="count(Failure)"/>
            <parameter key="new_name" value="Count"/>
            <list key="rename_additional_attributes"/>
          </operator>
          <operator activated="true" class="log_to_data" compatibility="5.3.014" expanded="true" height="76" name="Log to Data" width="90" x="313" y="210"/>
          <operator activated="true" class="aggregate" compatibility="5.3.014" expanded="true" height="76" name="Aggregate" width="90" x="447" y="210">
            <list key="aggregation_attributes">
              <parameter key="performance" value="average"/>
              <parameter key="performance" value="standard_deviation"/>
            </list>
            <parameter key="group_by_attributes" value="|k"/>
          </operator>
          <operator activated="true" class="rename" compatibility="5.3.014" expanded="true" height="76" name="Rename" width="90" x="581" y="210">
            <parameter key="old_name" value="average(performance)"/>
            <parameter key="new_name" value="Accuracy"/>
            <list key="rename_additional_attributes">
              <parameter key="standard_deviation(performance)" value="Standard_Deviation"/>
            </list>
          </operator>
          <operator activated="true" class="generate_attributes" compatibility="5.3.014" expanded="true" height="76" name="Generate Attributes" width="90" x="715" y="210">
            <list key="function_descriptions">
              <parameter key="Confidence_Interval_Upper" value="Accuracy+Standard_Deviation"/>
              <parameter key="Confidence_Interval_Lower" value="Accuracy-Standard_Deviation"/>
            </list>
          </operator>
          <operator activated="true" class="rename" compatibility="5.3.014" expanded="true" height="76" name="Rename (3)" width="90" x="849" y="210">
            <parameter key="old_name" value="k"/>
            <parameter key="new_name" value="Number of Situations"/>
            <list key="rename_additional_attributes">
              <parameter key="Accuracy" value="Prediction Accuracy"/>
            </list>
          </operator>
          <connect from_port="in 1" to_op="X-Prediction" to_port="example set"/>
          <connect from_op="X-Prediction" from_port="labelled data" to_op="Performance" to_port="labelled data"/>
          <connect from_op="Performance" from_port="performance" to_port="out 1"/>
          <connect from_op="Performance" from_port="example set" to_op="Select Attributes" to_port="example set input"/>
          <connect from_op="Select Attributes" from_port="example set output" to_op="Generate Copy" to_port="example set input"/>
          <connect from_op="Generate Copy" from_port="example set output" to_op="Sort" to_port="example set input"/>
          <connect from_op="Sort" from_port="example set output" to_op="Discretize (2)" to_port="example set input"/>
          <connect from_op="Discretize (2)" from_port="example set output" to_op="Aggregate (2)" to_port="example set input"/>
          <connect from_op="Aggregate (2)" from_port="example set output" to_op="Rename (2)" to_port="example set input"/>
          <connect from_op="Rename (2)" from_port="example set output" to_port="out 2"/>
          <connect from_op="Log to Data" from_port="exampleSet" to_op="Aggregate" to_port="example set input"/>
          <connect from_op="Aggregate" from_port="example set output" to_op="Rename" to_port="example set input"/>
          <connect from_op="Rename" from_port="example set output" to_op="Generate Attributes" to_port="example set input"/>
          <connect from_op="Generate Attributes" from_port="example set output" to_op="Rename (3)" to_port="example set input"/>
          <connect from_op="Rename (3)" from_port="example set output" to_port="out 3"/>
          <portSpacing port="source_in 1" spacing="0"/>
          <portSpacing port="source_in 2" spacing="0"/>
          <portSpacing port="sink_out 1" spacing="0"/>
          <portSpacing port="sink_out 2" spacing="0"/>
          <portSpacing port="sink_out 3" spacing="0"/>
          <portSpacing port="sink_out 4" spacing="0"/>
        </process>
      </operator>
      <operator activated="true" class="subprocess" compatibility="5.3.014" expanded="true" height="76" name="Subprocess" width="90" x="514" y="120">
        <process expanded="true">
          <operator activated="true" class="performance_to_data" compatibility="5.3.014" expanded="true" height="76" name="Performance to Data" width="90" x="45" y="30"/>
          <operator activated="true" class="extract_macro" compatibility="5.3.014" expanded="true" height="60" name="Extract Macro" width="90" x="179" y="120">
            <parameter key="macro" value="accuracy"/>
            <parameter key="macro_type" value="data_value"/>
            <parameter key="attribute_name" value="Value"/>
            <parameter key="example_index" value="1"/>
            <list key="additional_macros"/>
          </operator>
          <operator activated="true" class="extract_macro" compatibility="5.3.014" expanded="true" height="60" name="Extract Macro (2)" width="90" x="313" y="120">
            <parameter key="macro" value="precision"/>
            <parameter key="macro_type" value="data_value"/>
            <parameter key="attribute_name" value="Value"/>
            <parameter key="example_index" value="4"/>
            <list key="additional_macros"/>
          </operator>
          <operator activated="true" class="extract_macro" compatibility="5.3.014" expanded="true" height="60" name="Extract Macro (3)" width="90" x="447" y="120">
            <parameter key="macro" value="recall"/>
            <parameter key="macro_type" value="data_value"/>
            <parameter key="attribute_name" value="Value"/>
            <parameter key="example_index" value="5"/>
            <list key="additional_macros"/>
          </operator>
          <operator activated="true" class="generate_macro" compatibility="5.3.014" expanded="true" height="76" name="Generate Macro" width="90" x="581" y="120">
            <list key="function_descriptions">
              <parameter key="accuracy" value="round(%{accuracy}*100)"/>
              <parameter key="precision" value="round(%{precision}*100)"/>
              <parameter key="recall" value="round(%{recall}*100)"/>
            </list>
          </operator>
          <connect from_port="in 1" to_op="Performance to Data" to_port="performance vector"/>
          <connect from_op="Performance to Data" from_port="example set" to_op="Extract Macro" to_port="example set"/>
          <connect from_op="Performance to Data" from_port="performance vector" to_port="out 1"/>
          <connect from_op="Extract Macro" from_port="example set" to_op="Extract Macro (2)" to_port="example set"/>
          <connect from_op="Extract Macro (2)" from_port="example set" to_op="Extract Macro (3)" to_port="example set"/>
          <connect from_op="Extract Macro (3)" from_port="example set" to_op="Generate Macro" to_port="through 1"/>
          <portSpacing port="source_in 1" spacing="0"/>
          <portSpacing port="source_in 2" spacing="0"/>
          <portSpacing port="sink_out 1" spacing="0"/>
          <portSpacing port="sink_out 2" spacing="0"/>
        </process>
      </operator>
      <connect from_port="input 1" to_op="Preprocess" to_port="in 1"/>
      <connect from_op="Preprocess" from_port="out 1" to_op="Rename (4)" to_port="example set input"/>
      <connect from_op="Rename (4)" from_port="example set output" to_op="Split" to_port="in 1"/>
      <connect from_op="Split" from_port="out 1" to_op="Multiply (3)" to_port="input"/>
      <connect from_op="Split" from_port="out 2" to_op="Apply Model" to_port="in 1"/>
      <connect from_op="Multiply (3)" from_port="output 1" to_op="Compute Weights" to_port="in 1"/>
      <connect from_op="Multiply (3)" from_port="output 2" to_op="Evaluate Model" to_port="in 1"/>
      <connect from_op="Multiply (3)" from_port="output 3" to_op="Train Model" to_port="in 1"/>
      <connect from_op="Compute Weights" from_port="out 1" to_port="result 1"/>
      <connect from_op="Train Model" from_port="out 1" to_op="Apply Model" to_port="in 2"/>
      <connect from_op="Apply Model" from_port="out 1" to_op="Multiply (6)" to_port="input"/>
      <connect from_op="Multiply (6)" from_port="output 1" to_op="Select Attributes (4)" to_port="example set input"/>
      <connect from_op="Multiply (6)" from_port="output 2" to_op="Aggregate Risk" to_port="in 1"/>
      <connect from_op="Select Attributes (4)" from_port="example set output" to_op="Rename (7)" to_port="example set input"/>
      <connect from_op="Rename (7)" from_port="example set output" to_port="result 5"/>
      <connect from_op="Aggregate Risk" from_port="out 1" to_port="result 6"/>
      <connect from_op="Evaluate Model" from_port="out 1" to_op="Subprocess" to_port="in 1"/>
      <connect from_op="Evaluate Model" from_port="out 2" to_port="result 4"/>
      <connect from_op="Evaluate Model" from_port="out 3" to_port="result 2"/>
      <connect from_op="Subprocess" from_port="out 1" to_port="result 3"/>
      <portSpacing port="source_input 1" spacing="0"/>
      <portSpacing port="source_input 2" spacing="0"/>
      <portSpacing port="sink_result 1" spacing="0"/>
      <portSpacing port="sink_result 2" spacing="0"/>
      <portSpacing port="sink_result 3" spacing="0"/>
      <portSpacing port="sink_result 4" spacing="0"/>
      <portSpacing port="sink_result 5" spacing="0"/>
      <portSpacing port="sink_result 6" spacing="0"/>
      <portSpacing port="sink_result 7" spacing="0"/>
    </process>
  </operator>
</process>