<?xml version="1.0" encoding="UTF-8" standalone="no"?>
<process version="5.3.014">
  <context>
    <input>
      <location>input</location>
    </input>
    <output/>
    <macros>
      <macro>
        <key>label</key>
        <value>Response</value>
      </macro>
      <macro>
        <key>label_positive_class</key>
        <value>yes</value>
      </macro>
    </macros>
  </context>
  <operator activated="true" class="process" compatibility="5.3.014" expanded="true" name="Process">
    <parameter key="logverbosity" value="init"/>
    <parameter key="random_seed" value="2001"/>
    <parameter key="send_mail" value="never"/>
    <parameter key="notification_email" value=""/>
    <parameter key="process_duration_for_mail" value="30"/>
    <parameter key="encoding" value="SYSTEM"/>
    <parameter key="parallelize_main_process" value="false"/>
    <process expanded="true">
      <operator activated="true" class="subprocess" compatibility="5.3.014" expanded="true" height="76" name="Preprocess" width="90" x="45" y="30">
        <parameter key="parallelize_nested_chain" value="false"/>
        <process expanded="true">
          <operator activated="true" class="replace_missing_values" compatibility="5.3.014" expanded="true" height="94" name="Replace Missing Values" width="90" x="246" y="30">
            <parameter key="return_preprocessing_model" value="false"/>
            <parameter key="create_view" value="false"/>
            <parameter key="attribute_filter_type" value="all"/>
            <parameter key="attribute" value=""/>
            <parameter key="attributes" value=""/>
            <parameter key="use_except_expression" value="false"/>
            <parameter key="value_type" value="numeric"/>
            <parameter key="use_value_type_exception" value="false"/>
            <parameter key="except_value_type" value="time"/>
            <parameter key="block_type" value="attribute_block"/>
            <parameter key="use_block_type_exception" value="false"/>
            <parameter key="except_block_type" value="value_matrix_row_start"/>
            <parameter key="invert_selection" value="false"/>
            <parameter key="include_special_attributes" value="false"/>
            <parameter key="default" value="average"/>
            <list key="columns"/>
          </operator>
          <connect from_port="in 1" to_op="Replace Missing Values" to_port="example set input"/>
          <connect from_op="Replace Missing Values" from_port="example set output" to_port="out 1"/>
          <portSpacing port="source_in 1" spacing="0"/>
          <portSpacing port="source_in 2" spacing="0"/>
          <portSpacing port="sink_out 1" spacing="0"/>
          <portSpacing port="sink_out 2" spacing="0"/>
        </process>
      </operator>
      <operator activated="true" class="multiply" compatibility="5.3.014" expanded="true" height="94" name="Multiply" width="90" x="179" y="30"/>
      <operator activated="true" class="filter_examples" compatibility="5.3.014" expanded="true" height="76" name="Filter Apply" width="90" x="313" y="390">
        <parameter key="parameter_expression" value=""/>
        <parameter key="condition_class" value="missing_labels"/>
        <parameter key="invert_filter" value="false"/>
        <list key="filters_list"/>
        <parameter key="filters_logic_and" value="true"/>
      </operator>
      <operator activated="true" class="remove_useless_attributes" compatibility="5.3.014" expanded="true" height="76" name="Remove Useless Attributes" width="90" x="313" y="30">
        <parameter key="numerical_min_deviation" value="0.0"/>
        <parameter key="nominal_useless_above" value="1.0"/>
        <parameter key="nominal_remove_id_like" value="false"/>
        <parameter key="nominal_useless_below" value="0.1"/>
      </operator>
      <operator activated="true" class="filter_examples" compatibility="5.3.014" expanded="true" height="76" name="Filter Training" width="90" x="447" y="30">
        <parameter key="parameter_expression" value=""/>
        <parameter key="condition_class" value="no_missing_labels"/>
        <parameter key="invert_filter" value="false"/>
        <list key="filters_list"/>
        <parameter key="filters_logic_and" value="true"/>
      </operator>
      <operator activated="true" class="multiply" compatibility="5.3.014" expanded="true" height="130" name="Multiply (2)" width="90" x="581" y="30"/>
      <operator activated="true" class="subprocess" compatibility="5.3.014" expanded="true" height="76" name="Default precision" width="90" x="849" y="75">
        <parameter key="parallelize_nested_chain" value="false"/>
        <process expanded="true">
          <operator activated="true" class="aggregate" compatibility="5.3.014" expanded="true" height="76" name="Aggregate" width="90" x="45" y="30">
            <parameter key="use_default_aggregation" value="false"/>
            <parameter key="attribute_filter_type" value="all"/>
            <parameter key="attribute" value=""/>
            <parameter key="attributes" value=""/>
            <parameter key="use_except_expression" value="false"/>
            <parameter key="value_type" value="attribute_value"/>
            <parameter key="use_value_type_exception" value="false"/>
            <parameter key="except_value_type" value="time"/>
            <parameter key="block_type" value="attribute_block"/>
            <parameter key="use_block_type_exception" value="false"/>
            <parameter key="except_block_type" value="value_matrix_row_start"/>
            <parameter key="invert_selection" value="false"/>
            <parameter key="include_special_attributes" value="false"/>
            <parameter key="default_aggregation_function" value="average"/>
            <list key="aggregation_attributes">
              <parameter key="%{label}" value="count (percentage)"/>
            </list>
            <parameter key="group_by_attributes" value="|%{label}"/>
            <parameter key="count_all_combinations" value="false"/>
            <parameter key="only_distinct" value="false"/>
            <parameter key="ignore_missings" value="true"/>
          </operator>
          <operator activated="true" class="filter_examples" compatibility="5.3.014" expanded="true" height="76" name="Filter Examples (2)" width="90" x="180" y="30">
            <parameter key="parameter_string" value="%{label}=%{label_positive_class}"/>
            <parameter key="parameter_expression" value=""/>
            <parameter key="condition_class" value="attribute_value_filter"/>
            <parameter key="invert_filter" value="false"/>
            <list key="filters_list"/>
            <parameter key="filters_logic_and" value="true"/>
          </operator>
          <operator activated="true" class="extract_macro" compatibility="5.3.014" expanded="true" height="60" name="Extract Macro" width="90" x="315" y="30">
            <parameter key="macro" value="response_quote"/>
            <parameter key="macro_type" value="data_value"/>
            <parameter key="statistics" value="average"/>
            <parameter key="attribute_name" value="percentage_count(%{label})"/>
            <parameter key="example_index" value="1"/>
            <list key="additional_macros"/>
          </operator>
          <connect from_port="in 1" to_op="Aggregate" to_port="example set input"/>
          <connect from_op="Aggregate" from_port="example set output" to_op="Filter Examples (2)" to_port="example set input"/>
          <connect from_op="Filter Examples (2)" from_port="example set output" to_op="Extract Macro" to_port="example set"/>
          <portSpacing port="source_in 1" spacing="0"/>
          <portSpacing port="source_in 2" spacing="0"/>
          <portSpacing port="sink_out 1" spacing="0"/>
        </process>
      </operator>
      <operator activated="true" class="subprocess" compatibility="5.3.014" expanded="true" height="76" name="Weights" width="90" x="983" y="30">
        <parameter key="parallelize_nested_chain" value="false"/>
        <process expanded="true">
          <operator activated="true" class="weight_by_information_gain" compatibility="5.3.014" expanded="true" height="76" name="Weight by Information Gain" width="90" x="45" y="30">
            <parameter key="normalize_weights" value="true"/>
            <parameter key="sort_weights" value="true"/>
            <parameter key="sort_direction" value="descending"/>
          </operator>
          <operator activated="true" class="weights_to_data" compatibility="5.3.014" expanded="true" height="60" name="Weights to Data" width="90" x="180" y="30"/>
          <connect from_port="in 1" to_op="Weight by Information Gain" to_port="example set"/>
          <connect from_op="Weight by Information Gain" from_port="weights" to_op="Weights to Data" to_port="attribute weights"/>
          <connect from_op="Weights to Data" from_port="example set" to_port="out 1"/>
          <portSpacing port="source_in 1" spacing="0"/>
          <portSpacing port="source_in 2" spacing="0"/>
          <portSpacing port="sink_out 1" spacing="0"/>
          <portSpacing port="sink_out 2" spacing="0"/>
        </process>
      </operator>
      <operator activated="true" class="loop_parameters" compatibility="5.3.014" expanded="true" height="94" name="Learning Curve" width="90" x="715" y="255">
        <list key="parameters">
          <parameter key="Sample (Stratified).sample_ratio" value="[0.0;1.0;20;linear]"/>
        </list>
        <parameter key="synchronize" value="false"/>
        <parameter key="parallelize_subprocess" value="false"/>
        <process expanded="true">
          <operator activated="true" class="sample_stratified" compatibility="5.3.014" expanded="true" height="76" name="Sample (Stratified)" width="90" x="45" y="30">
            <parameter key="sample" value="relative"/>
            <parameter key="sample_size" value="100"/>
            <parameter key="sample_ratio" value="1.0"/>
            <parameter key="use_local_random_seed" value="false"/>
            <parameter key="local_random_seed" value="1992"/>
          </operator>
          <operator activated="true" class="x_validation" compatibility="5.1.002" expanded="true" height="112" name="Validation" width="90" x="179" y="30">
            <description>A cross-validation evaluating a decision tree model.</description>
            <parameter key="create_complete_model" value="false"/>
            <parameter key="average_performances_only" value="true"/>
            <parameter key="leave_one_out" value="false"/>
            <parameter key="number_of_validations" value="10"/>
            <parameter key="sampling_type" value="stratified sampling"/>
            <parameter key="use_local_random_seed" value="false"/>
            <parameter key="local_random_seed" value="1992"/>
            <parameter key="parallelize_training" value="false"/>
            <parameter key="parallelize_testing" value="false"/>
            <process expanded="true">
              <operator activated="true" class="naive_bayes" compatibility="5.3.014" expanded="true" height="76" name="Naive Bayes" width="90" x="45" y="30">
                <parameter key="laplace_correction" value="true"/>
              </operator>
              <connect from_port="training" to_op="Naive Bayes" to_port="training set"/>
              <connect from_op="Naive Bayes" from_port="model" to_port="model"/>
              <portSpacing port="source_training" spacing="0"/>
              <portSpacing port="sink_model" spacing="0"/>
              <portSpacing port="sink_through 1" spacing="0"/>
            </process>
            <process expanded="true">
              <operator activated="true" class="apply_model" compatibility="5.3.014" expanded="true" height="76" name="Apply Model (2)" width="90" x="45" y="30">
                <list key="application_parameters"/>
                <parameter key="create_view" value="false"/>
              </operator>
              <operator activated="true" class="performance_binominal_classification" compatibility="5.3.014" expanded="true" height="76" name="Performance (2)" width="90" x="246" y="30">
                <parameter key="main_criterion" value="first"/>
                <parameter key="accuracy" value="false"/>
                <parameter key="classification_error" value="false"/>
                <parameter key="kappa" value="false"/>
                <parameter key="AUC (optimistic)" value="false"/>
                <parameter key="AUC" value="false"/>
                <parameter key="AUC (pessimistic)" value="false"/>
                <parameter key="precision" value="true"/>
                <parameter key="recall" value="false"/>
                <parameter key="lift" value="false"/>
                <parameter key="fallout" value="false"/>
                <parameter key="f_measure" value="false"/>
                <parameter key="false_positive" value="false"/>
                <parameter key="false_negative" value="false"/>
                <parameter key="true_positive" value="false"/>
                <parameter key="true_negative" value="false"/>
                <parameter key="sensitivity" value="false"/>
                <parameter key="specificity" value="false"/>
                <parameter key="youden" value="false"/>
                <parameter key="positive_predictive_value" value="false"/>
                <parameter key="negative_predictive_value" value="false"/>
                <parameter key="psep" value="false"/>
                <parameter key="skip_undefined_labels" value="true"/>
                <parameter key="use_example_weights" value="true"/>
              </operator>
              <connect from_port="model" to_op="Apply Model (2)" to_port="model"/>
              <connect from_port="test set" to_op="Apply Model (2)" to_port="unlabelled data"/>
              <connect from_op="Apply Model (2)" from_port="labelled data" to_op="Performance (2)" to_port="labelled data"/>
              <connect from_op="Performance (2)" from_port="performance" to_port="averagable 1"/>
              <portSpacing port="source_model" spacing="0"/>
              <portSpacing port="source_test set" spacing="0"/>
              <portSpacing port="source_through 1" spacing="0"/>
              <portSpacing port="sink_averagable 1" spacing="0"/>
              <portSpacing port="sink_averagable 2" spacing="0"/>
            </process>
          </operator>
          <operator activated="true" class="log" compatibility="5.3.014" expanded="true" height="76" name="Learning Curve Log" width="90" x="313" y="75">
            <list key="log">
              <parameter key="Fraction" value="operator.Sample (Stratified).parameter.sample_ratio"/>
              <parameter key="Precision" value="operator.Validation.value.performance"/>
            </list>
            <parameter key="sorting_type" value="none"/>
            <parameter key="sorting_k" value="100"/>
            <parameter key="persistent" value="false"/>
          </operator>
          <connect from_port="input 1" to_op="Sample (Stratified)" to_port="example set input"/>
          <connect from_op="Sample (Stratified)" from_port="example set output" to_op="Validation" to_port="training"/>
          <connect from_op="Validation" from_port="model" to_port="result 2"/>
          <connect from_op="Validation" from_port="averagable 1" to_op="Learning Curve Log" to_port="through 1"/>
          <connect from_op="Learning Curve Log" from_port="through 1" to_port="result 1"/>
          <portSpacing port="source_input 1" spacing="0"/>
          <portSpacing port="source_input 2" spacing="0"/>
          <portSpacing port="sink_performance" spacing="0"/>
          <portSpacing port="sink_result 1" spacing="0"/>
          <portSpacing port="sink_result 2" spacing="0"/>
          <portSpacing port="sink_result 3" spacing="0"/>
        </process>
      </operator>
      <operator activated="true" class="subprocess" compatibility="5.3.014" expanded="true" height="76" name="Performance" width="90" x="849" y="255">
        <parameter key="parallelize_nested_chain" value="false"/>
        <process expanded="true">
          <operator activated="true" class="log_to_data" compatibility="5.3.014" expanded="true" height="76" name="Log to Data" width="90" x="45" y="30">
            <parameter key="log_name" value="Learning Curve Log"/>
          </operator>
          <operator activated="true" class="extract_macro" compatibility="5.3.014" expanded="true" height="60" name="Extr. size" width="90" x="179" y="30">
            <description>We canot be sure that there are necessarily 20 elements since some iterations may fail.</description>
            <parameter key="macro" value="%{num_iterations}"/>
            <parameter key="macro_type" value="number_of_examples"/>
            <parameter key="statistics" value="average"/>
            <parameter key="attribute_name" value="Value"/>
            <parameter key="example_index" value="1"/>
            <list key="additional_macros"/>
          </operator>
          <operator activated="true" class="extract_macro" compatibility="5.3.014" expanded="true" height="60" name="Extr. Precision" width="90" x="313" y="30">
            <parameter key="macro" value="precision"/>
            <parameter key="macro_type" value="data_value"/>
            <parameter key="statistics" value="average"/>
            <parameter key="attribute_name" value="Precision"/>
            <parameter key="example_index" value="%{num_iterations}"/>
            <list key="additional_macros"/>
          </operator>
          <operator activated="true" class="generate_macro" compatibility="5.3.014" expanded="true" height="76" name="Format Macros" width="90" x="447" y="30">
            <list key="function_descriptions">
              <parameter key="precision" value="round(%{precision}*100)"/>
              <parameter key="response_quote" value="round(%{response_quote})"/>
            </list>
            <parameter key="use_standard_constants" value="true"/>
          </operator>
          <connect from_op="Log to Data" from_port="exampleSet" to_op="Extr. size" to_port="example set"/>
          <connect from_op="Extr. size" from_port="example set" to_op="Extr. Precision" to_port="example set"/>
          <connect from_op="Extr. Precision" from_port="example set" to_op="Format Macros" to_port="through 1"/>
          <connect from_op="Format Macros" from_port="through 1" to_port="out 1"/>
          <portSpacing port="source_in 1" spacing="0"/>
          <portSpacing port="source_in 2" spacing="0"/>
          <portSpacing port="sink_out 1" spacing="0"/>
          <portSpacing port="sink_out 2" spacing="0"/>
        </process>
      </operator>
      <operator activated="true" class="select" compatibility="5.3.014" expanded="true" height="60" name="Last model" width="90" x="782" y="435">
        <parameter key="index" value="%{num_iterations}"/>
        <parameter key="unfold" value="false"/>
      </operator>
      <operator activated="true" class="branch" compatibility="5.3.014" expanded="true" height="94" name="Branch" width="90" x="849" y="525">
        <parameter key="condition_type" value="min_examples"/>
        <parameter key="condition_value" value="1"/>
        <parameter key="io_object" value="ANOVAMatrix"/>
        <parameter key="return_inner_output" value="true"/>
        <parameter key="parallelize_then" value="false"/>
        <parameter key="parallelize_else" value="false"/>
        <process expanded="true">
          <operator activated="true" class="subprocess" compatibility="5.3.014" expanded="true" height="94" name="Apply on Data" width="90" x="179" y="30">
            <parameter key="parallelize_nested_chain" value="false"/>
            <process expanded="true">
              <operator activated="true" class="extract_macro" compatibility="5.3.014" expanded="true" name="Num total">
                <parameter key="macro" value="number_total"/>
                <parameter key="macro_type" value="number_of_examples"/>
                <parameter key="statistics" value="average"/>
                <parameter key="attribute_name" value=""/>
                <list key="additional_macros"/>
              </operator>
              <operator activated="true" class="apply_model" compatibility="5.3.014" expanded="true" name="Apply Model">
                <list key="application_parameters"/>
                <parameter key="create_view" value="false"/>
              </operator>
              <operator activated="true" class="rename" compatibility="5.3.014" expanded="true" name="Rename">
                <parameter key="old_name" value="confidence(%{label_positive_class})"/>
                <parameter key="new_name" value="Confidence"/>
                <list key="rename_additional_attributes"/>
              </operator>
              <operator activated="true" class="sort" compatibility="5.3.014" expanded="true" name="Sort">
                <parameter key="attribute_name" value="Confidence"/>
                <parameter key="sorting_direction" value="decreasing"/>
              </operator>
              <operator activated="true" class="filter_examples" compatibility="5.3.014" expanded="true" name="Filter Examples">
                <parameter key="parameter_expression" value=""/>
                <parameter key="condition_class" value="custom_filters"/>
                <parameter key="invert_filter" value="false"/>
                <list key="filters_list">
                  <parameter key="filters_entry_key" value="Confidence.gt.0\.5"/>
                </list>
                <parameter key="filters_logic_and" value="true"/>
              </operator>
              <operator activated="true" class="select_attributes" compatibility="5.3.014" expanded="true" name="Drop response">
                <parameter key="attribute_filter_type" value="single"/>
                <parameter key="attribute" value="%{label}"/>
                <parameter key="attributes" value="|%{label}|prediction(%{label})"/>
                <parameter key="use_except_expression" value="false"/>
                <parameter key="value_type" value="attribute_value"/>
                <parameter key="use_value_type_exception" value="false"/>
                <parameter key="except_value_type" value="time"/>
                <parameter key="block_type" value="attribute_block"/>
                <parameter key="use_block_type_exception" value="false"/>
                <parameter key="except_block_type" value="value_matrix_row_start"/>
                <parameter key="invert_selection" value="true"/>
                <parameter key="include_special_attributes" value="true"/>
              </operator>
              <operator activated="true" class="select_attributes" compatibility="5.3.014" expanded="true" name="Drop prediction">
                <parameter key="attribute_filter_type" value="single"/>
                <parameter key="attribute" value="prediction(%{label})"/>
                <parameter key="attributes" value=""/>
                <parameter key="use_except_expression" value="false"/>
                <parameter key="value_type" value="attribute_value"/>
                <parameter key="use_value_type_exception" value="false"/>
                <parameter key="except_value_type" value="time"/>
                <parameter key="block_type" value="attribute_block"/>
                <parameter key="use_block_type_exception" value="false"/>
                <parameter key="except_block_type" value="value_matrix_row_start"/>
                <parameter key="invert_selection" value="true"/>
                <parameter key="include_special_attributes" value="true"/>
              </operator>
              <operator activated="true" class="select_attributes" compatibility="5.3.014" expanded="true" name="Drop other confidences">
                <parameter key="attribute_filter_type" value="regular_expression"/>
                <parameter key="attribute" value=""/>
                <parameter key="attributes" value="|%{label}|prediction(%{label})|confidence.+"/>
                <parameter key="regular_expression" value="confidence\(.+\)"/>
                <parameter key="use_except_expression" value="false"/>
                <parameter key="value_type" value="attribute_value"/>
                <parameter key="use_value_type_exception" value="false"/>
                <parameter key="except_value_type" value="time"/>
                <parameter key="block_type" value="attribute_block"/>
                <parameter key="use_block_type_exception" value="false"/>
                <parameter key="except_block_type" value="value_matrix_row_start"/>
                <parameter key="invert_selection" value="true"/>
                <parameter key="include_special_attributes" value="true"/>
              </operator>
              <operator activated="true" class="extract_macro" compatibility="5.3.014" expanded="true" name="Num selected">
                <parameter key="macro" value="number_selected"/>
                <parameter key="macro_type" value="number_of_examples"/>
                <parameter key="statistics" value="average"/>
                <parameter key="attribute_name" value=""/>
                <list key="additional_macros"/>
              </operator>
              <operator activated="true" class="generate_attributes" compatibility="5.3.014" expanded="true" name="Generate Attributes">
                <list key="function_descriptions">
                  <parameter key="Confidence" value="round(Confidence*100)"/>
                </list>
                <parameter key="use_standard_constants" value="true"/>
                <parameter key="keep_all" value="true"/>
              </operator>
              <connect from_port="in 1" to_op="Apply Model" to_port="model"/>
              <connect from_port="in 2" to_op="Num total" to_port="example set"/>
              <connect from_op="Num total" from_port="example set" to_op="Apply Model" to_port="unlabelled data"/>
              <connect from_op="Apply Model" from_port="labelled data" to_op="Rename" to_port="example set input"/>
              <connect from_op="Rename" from_port="example set output" to_op="Sort" to_port="example set input"/>
              <connect from_op="Sort" from_port="example set output" to_op="Filter Examples" to_port="example set input"/>
              <connect from_op="Filter Examples" from_port="example set output" to_op="Drop response" to_port="example set input"/>
              <connect from_op="Drop response" from_port="example set output" to_op="Drop prediction" to_port="example set input"/>
              <connect from_op="Drop prediction" from_port="example set output" to_op="Drop other confidences" to_port="example set input"/>
              <connect from_op="Drop other confidences" from_port="example set output" to_op="Num selected" to_port="example set"/>
              <connect from_op="Num selected" from_port="example set" to_op="Generate Attributes" to_port="example set input"/>
              <connect from_op="Generate Attributes" from_port="example set output" to_port="out 1"/>
              <portSpacing port="source_in 1" spacing="0"/>
              <portSpacing port="source_in 2" spacing="0"/>
              <portSpacing port="source_in 3" spacing="0"/>
              <portSpacing port="sink_out 1" spacing="0"/>
              <portSpacing port="sink_out 2" spacing="0"/>
            </process>
          </operator>
          <connect from_port="condition" to_op="Apply on Data" to_port="in 2"/>
          <connect from_port="input 1" to_op="Apply on Data" to_port="in 1"/>
          <connect from_op="Apply on Data" from_port="out 1" to_port="input 1"/>
          <portSpacing port="source_condition" spacing="0"/>
          <portSpacing port="source_input 1" spacing="0"/>
          <portSpacing port="source_input 2" spacing="0"/>
          <portSpacing port="sink_input 1" spacing="0"/>
          <portSpacing port="sink_input 2" spacing="0"/>
        </process>
        <process expanded="true">
          <operator activated="true" class="generate_data_user_specification" compatibility="5.3.014" expanded="true" height="60" name="Generate Data by User Specification" width="90" x="45" y="30">
            <list key="attribute_values">
              <parameter key="Notice" value="&quot;The dataset provided does not contain any unlabeled examples&quot;"/>
            </list>
            <list key="set_additional_roles"/>
          </operator>
          <connect from_op="Generate Data by User Specification" from_port="output" to_port="input 1"/>
          <portSpacing port="source_condition" spacing="0"/>
          <portSpacing port="source_input 1" spacing="0"/>
          <portSpacing port="source_input 2" spacing="0"/>
          <portSpacing port="sink_input 1" spacing="0"/>
          <portSpacing port="sink_input 2" spacing="0"/>
        </process>
      </operator>
      <operator activated="true" class="parallel_decision_tree" compatibility="6.2.000" expanded="true" height="76" name="Decision Tree" width="90" x="849" y="165">
        <parameter key="criterion" value="gain_ratio"/>
        <parameter key="minimal_size_for_split" value="1"/>
        <parameter key="minimal_leaf_size" value="10"/>
        <parameter key="minimal_gain" value="0.02"/>
        <parameter key="maximal_depth" value="4"/>
        <parameter key="confidence" value="0.25"/>
        <parameter key="number_of_prepruning_alternatives" value="3"/>
        <parameter key="apply_prepruning" value="true"/>
        <parameter key="apply_pruning" value="true"/>
      </operator>
      <connect from_port="input 1" to_op="Preprocess" to_port="in 1"/>
      <connect from_op="Preprocess" from_port="out 1" to_op="Multiply" to_port="input"/>
      <connect from_op="Multiply" from_port="output 1" to_op="Remove Useless Attributes" to_port="example set input"/>
      <connect from_op="Multiply" from_port="output 2" to_op="Filter Apply" to_port="example set input"/>
      <connect from_op="Filter Apply" from_port="example set output" to_op="Branch" to_port="condition"/>
      <connect from_op="Remove Useless Attributes" from_port="example set output" to_op="Filter Training" to_port="example set input"/>
      <connect from_op="Filter Training" from_port="example set output" to_op="Multiply (2)" to_port="input"/>
      <connect from_op="Multiply (2)" from_port="output 1" to_op="Weights" to_port="in 1"/>
      <connect from_op="Multiply (2)" from_port="output 2" to_op="Default precision" to_port="in 1"/>
      <connect from_op="Multiply (2)" from_port="output 3" to_op="Decision Tree" to_port="training set"/>
      <connect from_op="Multiply (2)" from_port="output 4" to_op="Learning Curve" to_port="input 1"/>
      <connect from_op="Weights" from_port="out 1" to_port="result 1"/>
      <connect from_op="Learning Curve" from_port="result 1" to_op="Performance" to_port="in 1"/>
      <connect from_op="Learning Curve" from_port="result 2" to_op="Last model" to_port="collection"/>
      <connect from_op="Performance" from_port="out 1" to_port="result 3"/>
      <connect from_op="Last model" from_port="selected" to_op="Branch" to_port="input 1"/>
      <connect from_op="Branch" from_port="input 1" to_port="result 4"/>
      <connect from_op="Decision Tree" from_port="model" to_port="result 2"/>
      <portSpacing port="source_input 1" spacing="0"/>
      <portSpacing port="source_input 2" spacing="0"/>
      <portSpacing port="sink_result 1" spacing="0"/>
      <portSpacing port="sink_result 2" spacing="108"/>
      <portSpacing port="sink_result 3" spacing="126"/>
      <portSpacing port="sink_result 4" spacing="72"/>
      <portSpacing port="sink_result 5" spacing="126"/>
    </process>
  </operator>
</process>
